{"animated-thumb/set-thumbnail":"Bild ändern","animated-thumb/added-by":"Knopf durch die Scratch Addons-Browsererweiterung hizugefügt.","animated-thumb/@name":"Thumbnailsetzer","animated-thumb/@description":"Fügt einen Knopf dem Editor hinzu der das Vorschaubild deines Projektes zu einem beliebigen Bild (einschließlich gifs) ändern kann.","animated-thumb/@info-nooverwite":"\"Thumbnails nicht automatisch festlegen\" bewirkt, dass Thumbnails nicht gespeichert werden, bis du die Thumbnail auswählen-Taste verwendest. Neue Projekte werden Thumbnails mit der Scratch-Katze haben, bis sie manuell festgelegt werden.","animated-thumb/@info-animatednfe":"Dein Projekt kann vom Scratch Team als NFE (not for everyone, nicht für jeden) markieren, falls das Thumbnail animiert ist. Projekte, die NFE sind, können nicht auf der Homepage, der Entdecken-Seite oder als Suchergebnis erscheinen.","animated-thumb/@settings-name-persistentThumb":"Thumbnails nicht automatisch festlegen"}