{"blocks2image/export_selected_to_SVG":"Block als SVG exportieren","blocks2image/export_all_to_SVG":"Alle als SVG exportieren","blocks2image/export_selected_to_PNG":"Exportiere Block als PNG","blocks2image/export_all_to_PNG":"Alle als PNG exportieren","blocks2image/error_blocks_not_added":"Füge Blöcke zum Arbeitsbereich hinzu!","blocks2image/@name":"Blöcke als Bild speichern","blocks2image/@description":"Klicke mit der rechten Maustaste auf den Codebereich, um Blöcke als SVG/PNG-Bilder zu exportieren"}