{"data-category-tweaks-v2/list-category":"Listen","data-category-tweaks-v2/for-all-sprites":"Für alle Figuren:","data-category-tweaks-v2/for-this-sprite-only":"Nur für diese Figur:","data-category-tweaks-v2/@name":"Optimierungen für die Datenkategorie","data-category-tweaks-v2/@description":"Bietet Optimierungen für die Kategorie Daten (\"Variablen\") im Editor.","data-category-tweaks-v2/@settings-name-separateListCategory":"Separate Listen-Kategorie","data-category-tweaks-v2/@settings-name-separateLocalVariables":"Separate Kategorie für Variablen Nur für diese Figur","data-category-tweaks-v2/@settings-name-moveReportersDown":"Datenblöcke über die Variablenliste bewegen"}