{"debugger/debug":"Debuggen","debugger/export":"Exportieren","debugger/clear":"Löschen","debugger/close":"Schließen","debugger/enter-format":"Exportformat eingeben:","debugger/unpause":"Pausiert","debugger/deleted-sprite":"(gelöschte Figur)","debugger/clone-of":"Klon von {spriteName}","debugger/icon-warn":"Warnung","debugger/icon-error":"Fehler","debugger/export-desc":"Halte die Umschalttaste während dem Klicken gedrückt, um das Exportformat anzupassen.","debugger/block-breakpoint":"unterbrechen","debugger/block-log":"schreibe %s im Log","debugger/block-warn":"schreibe Warnung %s im Log","debugger/block-error":"schreibe Fehler %s im Log","debugger/cannot-pause-player":"Der \"unterbrechen\"-Block kann nur im Editor verwendet werden.","debugger/@description":"Fügt die neue Blockkategorie \"Debugger\" und ein \"Logs\"-Fenster im Editor hinzu. Die \"Log\", \"Warnung\" und \"Fehler\"-Blöcke werden die bestimmte Nachricht ins Logfenster schreiben. Der \"Breakpoint\"-Block wird das Projekt pausieren."}