{"editor-theme3/@name":"Anpassbare Blockfarben","editor-theme3/@description":"Bearbeite die Blockfarben für jede Kategorie im Editor.","editor-theme3/@preset-name-tweaks":"3.0-Optimierungen","editor-theme3/@preset-description-tweaks":"Ereignisse, Steuerung, und Benutzerdefinierte Blöcke mit 2.0-inspirierten Farben","editor-theme3/@preset-name-original":"2.0-Farben","editor-theme3/@preset-description-original":"Die originalen Blockfarben von Scratch 2.0","editor-theme3/@preset-name-dark":"Dunkel","editor-theme3/@preset-description-dark":"Dunkle Versionen der Standardfarben","editor-theme3/@preset-name-black":"Schwarz","editor-theme3/@preset-description-black":"Macht Blockhintergründe schwarz","editor-theme3/@settings-name-motion-color":"Bewegung","editor-theme3/@settings-name-looks-color":"Aussehen","editor-theme3/@settings-name-sounds-color":"Klänge","editor-theme3/@settings-name-events-color":"Ereignisse","editor-theme3/@settings-name-control-color":"Steuerung","editor-theme3/@settings-name-sensing-color":"Fühlen","editor-theme3/@settings-name-operators-color":"Operatoren","editor-theme3/@settings-name-data-color":"Variablen","editor-theme3/@settings-name-data-lists-color":"Listen","editor-theme3/@settings-name-custom-color":"benutzerdefiniert","editor-theme3/@settings-name-Pen-color":"Erweiterungen","editor-theme3/@settings-name-sa-color":"Scratch Addon Blöcke","editor-theme3/@settings-name-input-color":"Eingabefelder in Blöcken","editor-theme3/@settings-name-text":"Textfarbe","editor-theme3/@settings-select-text-white":"Weiß","editor-theme3/@settings-select-text-black":"Schwarz","editor-theme3/@settings-select-text-colorOnWhite":"Farbig auf weißem Hintergrund","editor-theme3/@settings-select-text-colorOnBlack":"Farbig auf schwarzem Hintergrund"}