{"editor-dark-mode/@name":"Dunkler Modus und anpassbare Farben im Editor","editor-dark-mode/@description":"Passe die vom Editor verwendeten Farben an. Mehere Dunkelmodi von verschiedenen Autoren verfügbar. Falls du den Dunklen Modus nicht brauchst, aber die Standardfarben ändern willst, kannst du die \"Scratch-Standardfarben\"-Vorlage auswählen und sie optimieren.","editor-dark-mode/@preset-name-3darker":"3.Dunkler","editor-dark-mode/@preset-description-3darker":"Ein auf einem Userscript von infinitytec basierendes dunkles Design.","editor-dark-mode/@preset-name-3dark":"3.Dunkel","editor-dark-mode/@preset-description-3dark":"Ein auf einem Userscript von infinitytec basierendes dunkelblaues Design.","editor-dark-mode/@preset-name-darkEditor":"Dunkler Editor","editor-dark-mode/@preset-description-darkEditor":"Ein auf einem Userstyle basierendes dunkles Design von _nix","editor-dark-mode/@preset-name-experimentalDark":"\"Experimentell\" Dunkel","editor-dark-mode/@preset-description-experimentalDark":"Ein auf einem Userstyle basierendes dunkles Design von Maximouse.","editor-dark-mode/@preset-name-tw-dark":"TurboWarp-Dunkel","editor-dark-mode/@preset-description-tw-dark":"Ein dunkles Design basierend auf TurboWarps dunklen Modus.","editor-dark-mode/@preset-description-scratch2":"Ein Design basierend auf den Farben von Scratch 2.0.","editor-dark-mode/@preset-description-scratch1":"Ein Design basierend auf den Farben von Scratch 1.x.","editor-dark-mode/@preset-name-scratch":"Scratch's Standardfarben","editor-dark-mode/@preset-description-scratch":"Die normalen von Scratch verwendeten Farben","editor-dark-mode/@settings-name-page":"Seitenhintergrund","editor-dark-mode/@settings-name-primary":"Primärfarbe","editor-dark-mode/@settings-name-highlightText":"Markierungsfarbe von Text und Icon","editor-dark-mode/@settings-name-menuBar":"Hintergrund der Menüleiste","editor-dark-mode/@settings-name-activeTab":"Hintergrund für aktive Tabs","editor-dark-mode/@settings-name-tab":"Hintergrund für inaktive Tabs","editor-dark-mode/@settings-name-selector":"Hintergrund der Figurenliste","editor-dark-mode/@settings-name-selector2":"Hintergrund der Kostüm- und Klanglisten","editor-dark-mode/@settings-name-selectorSelection":"Hintergrund für ausgewählte Figuren/Kostüme/Klänge","editor-dark-mode/@settings-name-accent":"Akzentfarbe des Hintergrunds","editor-dark-mode/@settings-name-input":"Hintergrund für Eingaben","editor-dark-mode/@settings-name-workspace":"Codebereich-Hintergrund","editor-dark-mode/@settings-name-categoryMenu":"Hintergrund für Block-Kategorienmenü","editor-dark-mode/@settings-name-palette":"Hintergrund der Blockpalette","editor-dark-mode/@settings-name-fullscreen":"Hintergrund für Vollbild","editor-dark-mode/@settings-name-stageHeader":"Hintergrund der Vollbild-Kopfzeile","editor-dark-mode/@settings-name-border":"Rahmenfarbe","editor-dark-mode/@settings-name-dots":"Punkte im Arbeitsbereich anzeigen","editor-dark-mode/@settings-name-textShadow":"Textschatten auf Blöcken","editor-dark-mode/@settings-name-affectPaper":"Ändere den Hintergrund des Kostümeditors und der Auswahlränder","editor-dark-mode/@settings-name-affectStage":"Ändere die Farbe von Variablen, Listen, Sprechblasen und Antworteingaben auf der Bühne","editor-dark-mode/@settings-name-darkComments":"Dunkle Kommentare","editor-dark-mode/@settings-name-darkScrollbars":"Dunkle Scrollleisten"}