{"editor-searchable-dropdowns/createGlobalVariable":"Variable „{name}“ für alle Figuren erstellen","editor-searchable-dropdowns/createLocalVariable":"Variable „{name}“ nur für diese Figur erstellen","editor-searchable-dropdowns/createGlobalList":"Liste „{name}“ für alle Figuren erstellen","editor-searchable-dropdowns/createLocalList":"Liste „{name}“ nur für diese Figur erstellen","editor-searchable-dropdowns/createBroadcast":"Nachricht „{name}“ erstellen","editor-searchable-dropdowns/@name":"Suchbare Dropdown-Menüs","editor-searchable-dropdowns/@description":"Erlaubt es dir, Block-Dropdowns zu durchsuchen."}