{"fullscreen/@name":"Verbesserter Vollbildmodus","fullscreen/@description":"Behebt einige unerwünschte Effekte im Vollbildmodus des Projektplayers, öffnet ihn im Vollbildmodus deines Browsers und blendet die Symbolleiste mit der grünen Flagge aus.","fullscreen/@info-hideToolbarNotice":"Wenn du die Symbolleiste ausblendest, denke daran, dass du mit der Esc-Taste den Vollbildmodus des Projektplayers verlassen kannst.","fullscreen/@settings-name-browserFullscreen":"Öffnet den Projektplayer im Volbbildmodus des Browsers.","fullscreen/@settings-name-hideToolbar":"Titelleiste im Vollbild ausblenden"}