{"full-signature/load-more":"Mehr anzeigen","full-signature/@name":"Vollständige Bereiche","full-signature/@description":"Zeigt den ganzen Inhalt von Bereichen mit begrenzter Höhe an, zum Beispiel Nutzersignaturen in Foren und Was ich gemacht habe auf Profilen, indem es sie Größenveränderbar oder Scrollbar macht.","full-signature/@settings-name-whatworkingon":"Zeige Scrollen für \"Was ich gemacht habe\" an","full-signature/@settings-name-whathappen":"Zeige Scrollen für \"Was passiert gerade?\" an","full-signature/@settings-name-signature":"Zeige Scrollen für Forumsignaturen an","full-signature/@settings-name-blocks":"Forum-Scratchblöcke scrollen"}