{"hide-project-stats/@name":"Projektstatistiken ausblenden","hide-project-stats/@description":"Lässt dich mag ich-, Favoriten-, Remix- und Aufruf-Anzahlen auf der Startseite und auf Projektseiten ausblenden.","hide-project-stats/@settings-name-loves":"Mag ich-Anzeige ausblenden","hide-project-stats/@settings-name-favorites":"Favoriten-Anzeige ausblenden","hide-project-stats/@settings-name-remixes":"Remix-Anzeige ausblenden","hide-project-stats/@settings-name-views":"Aufruf-Anzeige ausblenden","hide-project-stats/@settings-name-lovesFront":"Mag ich-Anzeige in \"Was die Community mag\" ausblenden","hide-project-stats/@settings-name-remixesFront":"Remix-Anzeige in \"Was die Community remixt\" ausblenden"}