{"items-per-row/@name":"Mehr Elemente pro Reihe","items-per-row/@description":"Erlaubt es dir, die Anzahl von Elementen in einer einzelnen Reihe von Projekten, Studios oder Benutzern zu ändern.","items-per-row/@settings-name-search":"Entdecken und Suchen","items-per-row/@settings-name-studioProjects":"Studio Projekte","items-per-row/@settings-name-studioCurators":"Studiokuratoren","items-per-row/@settings-name-projects":"Projekt-Remixe, vom Benutzer veröffentlichte und favorisierte Projekte","items-per-row/@settings-name-studios":"Projektstudios, vom Benutzer kuratierte und gefolgte Studios","items-per-row/@settings-name-users":"Benutzer-Follower und Folgend"}