{"mediarecorder/record":"Aufnehmen","mediarecorder/stop":"Aufnahme beenden","mediarecorder/option-title":"Aufnahmeoptionen","mediarecorder/record-duration":"Aufnahmedauer (in Sekunden)","mediarecorder/start-delay":"Startverzögerung (in Sekunden)","mediarecorder/starting-in":"Startet in {secs}...","mediarecorder/record-audio":"Projektklänge einschließen","mediarecorder/record-mic":"Mikrofonklänge einschließen","mediarecorder/record-audio-description":"Dies schließt Text zu Sprache nicht ein.","mediarecorder/record-after-flag":"Aufnahme erst starten, wenn die Grüne Flagge angeklickt wird","mediarecorder/record-until-stop":"Aufnahme anhalten, wenn das Projekt gestoppt wird","mediarecorder/record-description":"Die Bühne wird als WebM-Datei aufgenommen. Du kannst sie auf deinem Computer speichern, wenn die Aufnahme beendet ist.","mediarecorder/start":"Starten","mediarecorder/cancel":"Abbrechen","mediarecorder/added-by":"Von der Browsererweiterung von Scratch Addons hinzugefügt","mediarecorder/click-flag":"Warte...","mediarecorder/click-flag-description":"Klicke die Grüne Flagge, um die Aufnahme zu starten. Klicke auf diesen Button, um sie zu beenden.","mediarecorder/record-until-stop-disabled":"Du musst \"{afterFlagOption}\" aktivieren um diese Option zu verwenden.","mediarecorder/@name":"Projektvideorekorder","mediarecorder/@description":"Fügt einen \"Aufnehmen\"-Knopf zur Menüleiste im Editor hinzu, mit dem du die Bühne des Projekts aufnehmen kannst."}