{"message-filters/messages":"Nachrichten anzeigen von:","message-filters/studio":"Studioaktivität","message-filters/comment":"Kommentare","message-filters/favorite":"Favoriten","message-filters/love":"Likes","message-filters/remix":"Remixe","message-filters/follow":"Folgen","message-filters/invite":"Studio-Einladungen","message-filters/forum":"Forumaktivität","message-filters/promotion":"Studio-Beförderungen","message-filters/@name":"Nachrichten Filter","message-filters/@description":"Lässt dich Anzeigefilter für Nachrichten auf der Nachrichtenseite von Scratch auswählen.","message-filters/@info-nomessagecount":"Dies ändert die Anzeige der Nachrichtenanzahl nicht. Es lässt dich einfach manche Arten von Nachrichten auf Scratch's Nachrichtenseite ausblenden"}