{"old-studio-layout/@name":"Altes Studiolayout","old-studio-layout/@description":"Wandelt das Layout der Studios-Seite zum Layout, das vor dem Studio-Update verwendet wurde, um.","old-studio-layout/@info-mobile":"Dieses Addon funktioniert auf Mobilgeräten und kleinen Fenstern schlecht.","old-studio-layout/@info-itemsPerRow":"Die Größe der meisten Elemente bleibt ungeändert. Wenn du mehr Projekte und Kuratoren auf einmal sehen willst, verwende das \"Mehr Elemente pro Reihe\"-Addon.","old-studio-layout/@settings-select-version-default":"Standard"}