{"animated-thumb/set-thumbnail":"Mettre La Miniature","animated-thumb/added-by":"Bouton ajouté par l'extension de navigateur Scratch Addons","animated-thumb/@name":"Sélecteur de miniature","animated-thumb/@info-nooverwite":"\"Ne pas définir les miniatures automatiquement\" fait en sorte que les miniatures ne seront jamais sauvegardées à moins que vous utilisez le bouton \"Définir la miniature\". Les nouveaux projets auront la miniature avec le Scratch Cat ,jusqu'à qu'elles soient changées manuellement.","animated-thumb/@info-animatednfe":"Votre projet sera marqué comme NFE (pas pour tout le monde - PPM en français) par l'Équipe Scratch si la miniature est animée. Les projets NFE ne pourront pas apparaître en page d'accueil, dans la page Explorer ou les résultats de recherche.","animated-thumb/@settings-name-persistentThumb":"Ne pas définir les miniatures automatiquement"}