{"block-switching/event_broadcast":"envoyer","block-switching/event_broadcastandwait":"envoyer et attendre","block-switching/control_if":"si","block-switching/control_if_else":"si... sinon","block-switching/control_repeat_until":"répéter jusqu'à ce que","block-switching/control_forever":"répéter indéfiniment","block-switching/control_wait_until":"attendre jusqu'à ce que","block-switching/data_changevariableby":"ajouter à la variable","block-switching/data_setvariableto":"mettre la variable à","block-switching/data_showvariable":"montrer la variable","block-switching/data_hidevariable":"cacher la variable","block-switching/data_showlist":"montrer la liste","block-switching/data_hidelist":"cacher la liste","block-switching/data_replaceitemoflist":"remplacer l'élément","block-switching/data_insertatlist":"insérer l'élément","block-switching/looks_changeeffectby":"ajouter à l'effet","block-switching/looks_seteffectto":"mettre l'effet à","block-switching/looks_changesizeby":"ajouter à la taille","block-switching/looks_setsizeto":"mettre la taille à","block-switching/looks_costumenumbername":"numéro ou nom du costume","block-switching/looks_backdropnumbername":"numéro ou nom de l'arrière-plan","block-switching/looks_show":"montrer","block-switching/looks_hide":"cacher","block-switching/looks_nextcostume":"costume suivant","block-switching/looks_nextbackdrop":"arrière-plan suivant","block-switching/looks_say":"dire","block-switching/looks_think":"penser à","block-switching/looks_sayforsecs":"dire pendant secondes","block-switching/looks_thinkforsecs":"penser à pendant secondes","block-switching/looks_switchbackdropto":"basculer sur l'arrière-plan","block-switching/looks_switchbackdroptoandwait":"basculer sur l'arrière-plan et attendre","block-switching/motion_turnright":"tourner droite","block-switching/motion_turnleft":"tourner gauche","block-switching/motion_setx":"mettre x à","block-switching/motion_changexby":"ajouter à x","block-switching/motion_sety":"mettre y à","block-switching/motion_changeyby":"ajouter à y","block-switching/motion_xposition":"position x","block-switching/motion_yposition":"position y","block-switching/operator_mod":"modulo","block-switching/operator_and":"et","block-switching/operator_or":"ou","block-switching/pen_penDown":"stylo en position d'écriture","block-switching/pen_penUp":"relever le stylo","block-switching/pen_setPenColorParamTo":"mettre le paramètre à","block-switching/pen_changePenColorParamBy":"ajouter au paramètre","block-switching/pen_changePenHueBy":"ajouter à la couleur","block-switching/pen_setPenHueToNumber":"mettre la couleur à","block-switching/pen_changePenShadeBy":"ajouter à la luminosité","block-switching/pen_setPenShadeToNumber":"mettre la luminosité à","block-switching/pen_changePenSizeBy":"ajouter à la taille","block-switching/pen_setPenSizeTo":"mettre la taille à","block-switching/sensing_mousex":"souris x","block-switching/sensing_mousey":"souris y","block-switching/sound_playuntildone":"jouer jusqu'au bout","block-switching/sound_changeeffectby":"ajouter à l'effet","block-switching/sound_seteffectto":"mettre l'effet à","block-switching/sound_setvolumeto":"mettre le volume à","block-switching/sound_changevolumeby":"ajouter au volume","block-switching/music_setTempo":"mettre le tempo à","block-switching/music_changeTempo":"ajouter au tempo","block-switching/@name":"Échanger de bloc","block-switching/@description":"Faites un clic droit sur un bloc pour le remplacer par un autre bloc associé.","block-switching/@settings-name-noop":"Afficher la possibilité de remplacer le bloc par lui-même","block-switching/@settings-name-border":"Ajouter un bord","block-switching/@settings-name-motion":"Blocs de mouvement","block-switching/@settings-name-looks":"Blocs d'apparence","block-switching/@settings-name-sound":"Blocs de son","block-switching/@settings-name-event":"Blocs d'événements","block-switching/@settings-name-control":"Blocs de contrôle","block-switching/@settings-name-operator":"Blocs d'opérateurs","block-switching/@settings-name-sensing":"Blocs de capteurs","block-switching/@settings-name-data":"Blocs de données","block-switching/@settings-name-extension":"Blocs d'extension"}