{"cloud-games/popup-title":"Scratch Addons - Jeux en ligne","cloud-games/no-users":"Aucun utilisateur en train de jouer actuellement","cloud-games/loading":"Chargement... ({done}/{amount})","cloud-games/general-error":"Impossible de charger les projets du studio.","cloud-games/server-error":"On dirait que les serveurs de Scratch ont un problème.","cloud-games/no-projects":"Il n'y a aucun projet à afficher.","cloud-games/change-studio":"Vous pouvez changer les projets en entrant l'URL du studio dans les {settings}.","cloud-games/addon-settings":"paramètres de l'addon","cloud-games/@name":"Jeux en ligne","cloud-games/@description":"Disponible lorsque l'icone Scratch Addons est cliqué. Vous montre combien d'utilisateurs sont actuellement en train de jouer sur des projets mulitjoueurs, et donne leurs pseudonymes.","cloud-games/@popup-name":"Jeux"}