{"custom-block-shape/@info-paddingWarning":"Diminuer la marge est uniquement visible par vous, donc si vos projets sont vus par d'autres utilisateurs, vos scripts pourraient se chevaucher.","custom-block-shape/@preset-name-default3":"Blocs 3.0","custom-block-shape/@preset-description-default3":"L'apparence classique des blocs de Scratch 3.0","custom-block-shape/@preset-name-default2":"Blocs 2.0","custom-block-shape/@preset-description-default2":"Une apparence similaire aux blocs de Scratch 2.0","custom-block-shape/@preset-name-flat3":"3.0 Plat","custom-block-shape/@preset-description-flat3":"Les blocs de Scratch 3.0 sans entailles et coins arrondis","custom-block-shape/@preset-name-flat2":"2.0 Plat","custom-block-shape/@preset-description-flat2":"Les blocs de Scratch 2.0 sans entailles et coins arrondis","custom-block-shape/@settings-name-paddingSize":"Taille de la marge (50-200%)","custom-block-shape/@settings-name-cornerSize":"Taille des coins (0-300%)","custom-block-shape/@settings-name-notchSize":"Hauteur de l'entaille (0-150%)"}