{"debugger/console":"Console","debugger/debug":"Débogage","debugger/export":"Exporter","debugger/clear":"Effacer","debugger/close":"Fermer","debugger/enter-format":"Entrez un format d'export :","debugger/unpause":"Reprendre","debugger/deleted-sprite":"(sprite supprimé)","debugger/clone-of":"Clone de {spriteName}","debugger/icon-warn":"Avertissement","debugger/icon-error":"Erreur","debugger/export-desc":"Cliquez tout en maintenant la touche Maj. enfoncée pour personnaliser le format d'exportation.","debugger/block-breakpoint":"point d'arrêt","debugger/block-log":"afficher message %s","debugger/block-warn":"afficher avertissement %s","debugger/block-error":"afficher erreur %s","debugger/@description":"Ajoute une nouvelle catégorie de bloc \"Debugger\" et une fenêtre \"Logs\" à l'éditeur. Les blocs \"message\", \"avertissement\" et \"erreur\" afficheront le message spécifié dans la console. Le bloc \"point d'arrêt\" mettra le projet en pause lors de son exécution."}