{"disable-auto-save/save-and-leave":"Message de l'addon \"Désactiver la sauvegarde auto\" : sauvegarder les changements et quitter l'éditeur ?","disable-auto-save/@name":"Désactiver la sauvegarde automatique","disable-auto-save/@description":"Désactive la sauvegarde automatique du projet durant sa modification.","disable-auto-save/@info-manuallysave":"Cela désactivera tout type de sauvegarde automatique du projet. Assurez-vous de sauvegarder manuellement vos modifications fréquemment pour éviter de les perdre."}