{"editor-dark-mode/@name":"Mode sombre de l'éditeur et couleurs personnalisables","editor-dark-mode/@description":"Personnaliser les couleurs utilisées dans l'éditeur de projets. Plusieurs thèmes sombres créés par différents auteurs sont disponibles. Si vous ne voulez pas utiliser le mode sombre mais que vous voulez changer les couleurs utilisées par défaut, vous pouvez sélectionner le préréglage \" Couleurs par défaut de Scratch \" et le modifier.","editor-dark-mode/@preset-name-3darker":"3.Plus Sombre","editor-dark-mode/@preset-description-3darker":"Un thème sombre basé sur un script utilisateur créé par infinitytec","editor-dark-mode/@preset-name-3dark":"3.Sombre","editor-dark-mode/@preset-description-3dark":"Un thème sombre bleuté basé sur un script utilisateur créé par infinitytec","editor-dark-mode/@preset-name-darkEditor":"Éditeur sombre","editor-dark-mode/@preset-description-darkEditor":"Un thème sombre basé sur la feuille de style utilisateur créée par _nix","editor-dark-mode/@preset-name-experimentalDark":"Sombre \"Expérimental\"","editor-dark-mode/@preset-description-experimentalDark":"Un thème sombre créé par Maximouse, basé sur une feuille de style utilisateur. N'est pas expérimental.","editor-dark-mode/@preset-name-tw-dark":"Thème sombre de TurboWarp","editor-dark-mode/@preset-description-tw-dark":"Un thème sombre basé sur le mode sombre de TurboWarp.","editor-dark-mode/@preset-description-scratch2":"Un thème basé sur les couleurs de Scratch 2.0.","editor-dark-mode/@preset-name-scratch":"Couleurs par défaut de Scratch","editor-dark-mode/@preset-description-scratch":"Les couleurs normalement utilisées par Scratch","editor-dark-mode/@settings-name-page":"Arrière-plan de la page","editor-dark-mode/@settings-name-primary":"Couleur d'accentuation","editor-dark-mode/@settings-name-highlightText":"Surbrillance du texte et des icônes","editor-dark-mode/@settings-name-menuBar":"Arrière-plan de la barre des menus","editor-dark-mode/@settings-name-activeTab":"Arrière-plan de l'onglet actif","editor-dark-mode/@settings-name-tab":"Arrière-plan des onglets inactifs","editor-dark-mode/@settings-name-selector":"Arrière-plan du panneau des sprites","editor-dark-mode/@settings-name-accent":"Couleur d'accentuation du fond","editor-dark-mode/@settings-name-input":"Arrière-plan des entrées","editor-dark-mode/@settings-name-categoryMenu":"Arrière-plan du menu des catégories de blocs","editor-dark-mode/@settings-name-palette":"Arrière-plan de la palette des blocs","editor-dark-mode/@settings-name-fullscreen":"Arrière-plan en plein écran","editor-dark-mode/@settings-name-stageHeader":"Arrière-plan de la bannière en plein écran","editor-dark-mode/@settings-name-border":"Couleur des bords","editor-dark-mode/@settings-name-dots":"Montrer les points dans l'éditeur","editor-dark-mode/@settings-name-textShadow":"Ombre du texte sur les blocs","editor-dark-mode/@settings-name-darkComments":"Commentaires sombres","editor-dark-mode/@settings-name-darkScrollbars":"Barres de défilement sombres"}