{"editor-searchable-dropdowns/createGlobalVariable":"Créer la variable \"{name}\" pour tous les sprites","editor-searchable-dropdowns/createLocalVariable":"Créer la variable \"{name}\" pour ce sprite uniquement","editor-searchable-dropdowns/createGlobalList":"Créer la liste \"{name}\" pour tous les sprites","editor-searchable-dropdowns/createLocalList":"Créer la liste \"{name}\" pour ce sprite uniquement","editor-searchable-dropdowns/createBroadcast":"Créer le message \"{name}\"","editor-searchable-dropdowns/@name":"Menus déroulants recherchables"}