{"folders/open-folder":"Ouvert","folders/closed-folder":"Dossier","folders/create-folder":"créer un dossier","folders/add-to-folder":"ajouter au dossier : {folder}","folders/rename-folder":"renommer le dossier","folders/remove-folder":"supprimer le dossier","folders/remove-from-folder":"supprimer du dossier","folders/rename-folder-prompt":"Renommer le dossier en :","folders/name-prompt":"Nom du dossier :","folders/name-not-allowed":"Nom de dossier invalide","folders/confirm-backpack-folder":"Sauvegarder tout le dossier dans le sac-à-dos ?","folders/@name":"Dossiers de sprites","folders/@info-notice-folders-are-public":"Les utilisateurs ayant cette fonctionnalité activée seront capables de voir les dossiers présents dans vos projets. N'importe qui d'autre verra la liste des sprites normalement (sans les dossiers).","folders/@info-notice-sprite-names":"Cette fonctionnalité fonctionne en ajoutant \"[NomDuDossier]//\" au début du nom de vos sprites."}