{"forum-search/loading":"Chargement...","forum-search/error":"Erreur lors du chargement de ScratchDB!","forum-search/none":"Vos recherches n'ont donné aucun résultat","forum-search/username":"Nom d'utilisateur :","forum-search/posts-here":"Posts d'Utilisateurs Ici","forum-search/posts-sitewide":"Posts d'Utilisateurs Sur Le Site","forum-search/first-checked":"Première Vérification :","forum-search/last-checked":"Dernière Vérification :","forum-search/last-edited-by":"Dernière modification par {username} ({datetime})","forum-search/placeholder":"Chercher des posts sur tous les Forums Scratch","forum-search/search-topic":"Chercher des posts dans \"{topic}\"","forum-search/search-cat":"Chercher des posts dans \"{cat}\"","forum-search/relevance":"pertinence","forum-search/newest":"plus récent","forum-search/oldest":"plus ancien","forum-search/@name":"Recherche sur les forums"}