{"gamepad/settings":"Paramètres de la manette","gamepad/key-space":"Espace","gamepad/key-up":"Haut","gamepad/key-down":"Bas","gamepad/key-left":"Gauche","gamepad/key-right":"Droite","gamepad/key-enter":"Entrée","gamepad/key-none":"(aucun)","gamepad/key-click":"Clic","gamepad/axis-none":"Aucun","gamepad/axis-arrows":"Flèches","gamepad/axis-cursor":"Curseur","gamepad/axis-custom":"Personnalisé","gamepad/no-controllers":"Aucuns contrôleurs détectés. Essayez d'en brancher un et d'appuyer sur un bouton.","gamepad/button-n":"Bouton {n}","gamepad/keyinput-title":"Cliquez et appuyez sur une touche ou cliquez pour modifier le bouton. Échap pour annuler. Retour arrière ou supprimer pour effacer.","gamepad/browser-support":"Ce navigateur et ce système d'exploitation ont des bugs connus qui peuvent rendre cet addon difficile à utiliser. Essayez un autre navigateur si vous rencontrez des problèmes.","gamepad/config-header":"Ce commentaire contient la configuration pour le support de la manette dans d'autres outils et sites web, tels que https://turbowarp.org/\nNe le modifiez pas à la main","gamepad/store-in-project":"Stockez ces paramètres dans le projet pour remplacer la configuration par défaut (Outil expérimental pour les créateurs de projets)","gamepad/@name":"Support manette","gamepad/@description":"Interagissez avec les projets en utilisant une manette USB ou Bluetooth.","gamepad/@settings-name-hide":"Cacher le bouton des paramètres lorsque aucune manette n'est détectée"}