{"infinite-scroll/@name":"Scrolling infini","infinite-scroll/@description":"Permet un scrolling sur différents endroits du site sans avoir à cliquer sur \"montrer plus\".","infinite-scroll/@settings-name-profileCommentScroll":"Commentaires de profil","infinite-scroll/@settings-name-projectScroll":"Commentaires de projet","infinite-scroll/@settings-name-studioScroll":"Commentaires de studio","infinite-scroll/@settings-name-studioProjectScroll":"Projets du studio","infinite-scroll/@settings-name-studioBrowseProjectScroll":"Ajouter au menu du studio","infinite-scroll/@settings-name-studioCuratorScroll":"Curateurs du studio","infinite-scroll/@settings-name-studioActivityScroll":"Activité du studio","infinite-scroll/@settings-name-showFooter":"Corriger le bas de la page"}