{"live-featured-project/change-featured":"Modifier le projet à l'affiche","live-featured-project/@name":"Projet à l'affiche jouable","live-featured-project/@settings-name-showMenu":"Afficher le menu du projet (barre du haut) ","live-featured-project/@settings-name-alternativePlayer":"Lecteur alternatif","live-featured-project/@settings-select-alternativePlayer-none":"Aucun","live-featured-project/@settings-name-autoPlay":"Jouer automatiquement le projet (pour les lecteurs alternatifs)","live-featured-project/@settings-name-forceAlternative":"Obliger l'utilisation d'un lecteur alternatif"}