{"message-filters/messages":"Montrer les messages des :","message-filters/studio":"Activités des studios","message-filters/comment":"Commentaires","message-filters/favorite":"Favoris","message-filters/love":"Cœurs","message-filters/follow":"Suiveurs","message-filters/invite":"Invitations de studio","message-filters/forum":"Activités du forum","message-filters/@info-nomessagecount":"Cela ne changera pas votre nombre de messages. Cela vous permet simplement de cacher certains types de message sur la page des messages de Scratch."}