{"my-ocular/status-hover":"Ceci est un statut Ocular personnalisé, affiché par Scratch Addons. Vous pouvez définir le vôtre sur https://ocular.jeffalo.net/dashboard.","my-ocular/view-on-ocular":"Voir ce post sur Ocular","my-ocular/add-reaction":"Réagir à ce post avec Ocular","my-ocular/@settings-name-profile":"Afficher les statuts Ocular sur les profils","my-ocular/@settings-name-discuss":"Afficher les status Ocular sur les forums","my-ocular/@settings-name-reactions":"Afficher des boutons pour réagir a un message du forum et afficher le bouton \"Ouvrir dans Ocular\""}