{"old-studio-layout/@name":"Ancienne disposition des studios","old-studio-layout/@description":"Rétablit la disposition de la page des studios à celle utilisée avant la mise à jour des studios ou à celle qui était précédemment disponible grâce à l'addon Scratch 2.0 → 3.0.","old-studio-layout/@info-mobile":"Cet addon en fonctionne pas bien sur les appareils mobiles et dans les petites fenêtres.","old-studio-layout/@info-itemsPerRow":"La taille de la plupart des éléments n'est pas changée. Si vous voulez voir plus de projets et de conservateurs à la fois, utilisez l'addon \"plus d'éléments par ligne\".","old-studio-layout/@settings-select-version-default":"Par défaut"}