{"scratch-messaging/send-error":"Erreur lors de l'envoi du commentaire","scratch-messaging/deleting":"Suppression du commentaire...","scratch-messaging/delete-error":"Erreur lors de la suppression du commentaire - vous n'avez peut-être pas la permission de faire ça.","scratch-messaging/deleted":"[supprimé]","scratch-messaging/popup-title":"Scratch Addons - Messagerie","scratch-messaging/open-new-tab":"Ouvrir le commentaire dans un nouvel onglet","scratch-messaging/delete":"Supprimer","scratch-messaging/delete-confirm":"Cliquez pour confirmer la suppression","scratch-messaging/reply":"Répondre","scratch-messaging/posting":"Envoi...","scratch-messaging/post":"Envoyer","scratch-messaging/cancel":"Annuler","scratch-messaging/dismiss":"Ignorer","scratch-messaging/chars-left":"{num, plural, one {1 caractère restant} other {# caractères restants}}","scratch-messaging/follows":"Suiveurs","scratch-messaging/stMessages":"Messages de l'Équipe Scratch","scratch-messaging/stMessagesConfirm":"Êtes-vous sûr de vouloir ignorer ce message de l'équipe Scratch ? Il ne pourra pas être récupéré.","scratch-messaging/studio-invites":"Invitations de studios","scratch-messaging/curate-invite":"{actor} vous à invité à devenir curateur dans le studio {title}","scratch-messaging/forum":"Activités des forums","scratch-messaging/forum-new-post":"Il y a de nouveaux messages dans le fil de discussion du forum : {title}","scratch-messaging/studio-activity":"Activités de studios","scratch-messaging/new-activity":"Il y avait de nouvelles activités dans le studio {title} aujourd'hui","scratch-messaging/remixes":"Remix","scratch-messaging/remix-as":"{actor} a remixé votre projet {parentTitle} en {title}","scratch-messaging/your-profile":"Votre profil","scratch-messaging/others-profile":"Profil de {username}","scratch-messaging/studio":"Studio : {title}","scratch-messaging/loading":"Chargement des messages...","scratch-messaging/logged-out":"Accès impossible aux messages. Connectez-vous à votre compte Scratch.","scratch-messaging/settings":"Paramètres de Scratch Addons","scratch-messaging/loading-comments":"Chargement des commentaires...","scratch-messaging/reload":"Recharger les messages","scratch-messaging/no-unread":"Aucun message non lu","scratch-messaging/show-more":"Montrer plus de messages","scratch-messaging/mark-as-read":"Marquer comme lu","scratch-messaging/marked-as-read":"Marqué comme lu","scratch-messaging/open-messages":"Ouvrir la page des messages","scratch-messaging/studio-promotions":"Promotions des studios","scratch-messaging/studio-promotion":"{actor} vous a promu manager du studio {title}","scratch-messaging/comment-error-empty":"Vous ne pouvez pas poster un commentaire vide.","scratch-messaging/comment-error-ratelimit":"Vous commentez trop rapidement. Veuillez attendre un peu plus entre les commentaires.","scratch-messaging/comment-error-filterbot-generic":"Le bot de Scratch a bloqué votre commentaire pour violation des règles de conduite de la communauté.","scratch-messaging/comment-error-filterbot-chat":"Le bot de Scratch a bloqué votre commentaire pour avoir mentionné des sites de discussion ou des réseaux sociaux.","scratch-messaging/comment-error-filterbot-spam":"Le bot de Scratch a bloqué votre commentaire en raison de spam.","scratch-messaging/comment-error-down":"Le serveur de Scratch a un problème. , Veuillez réessayer plus tard.","scratch-messaging/comment-mute":"Vous avez été muté car le bot de Scratch a considéré que votre dernier commentaire ne respectait pas les règles de conduite de la communauté.","scratch-messaging/comment-cannot-post-for":"{mins, plural, one {Vous ne pouvez pas publier de commentaires pendant 1 minute.} other {Vous ne pouvez pas publier de commentaires pendant # minutes.}}","scratch-messaging/comment-error-reply-limit":"Les commentaires des studios ne peuvent pas avoir plus que 25 réponses.","scratch-messaging/@name":"Messagerie Scratch","scratch-messaging/@description":"Disponible lorsque vous cliquez sur l’icone de Scratch Addons. Permet une lecture et un moyen pour répondre simple pour vos messages Scratch : groupés par projets, montre les commentaires entiers avec leur contexte, donne un moyen de répondre direct.","scratch-messaging/@popup-name":"Messagerie"}