{"scratchstats/title":"Statistiques","scratchstats/view-more":"Voir sur ScratchStats.com","scratchstats/loading":"Chargement...","scratchstats/followers":"suiveurs","scratchstats/most-followed-global":"le plus suivi sur Scratch","scratchstats/most-followed-location":"le plus suivi par lieu","scratchstats/most-loves":"le plus de j'aime","scratchstats/most-favorites":"le plus de favoris","scratchstats/most-views":"le plus de vues","scratchstats/followers-label":"Suiveurs","scratchstats/err":"Les statistiques n'ont pas pu être chargées.","scratchstats/followers-title":"Suiveurs au fil du temps","scratchstats/@name":"Statistiques du profil"}