{"transparent-orphans/@name":"Transparence des blocs","transparent-orphans/@description":"Ajuste la transparence des blocs dans l'éditeur, avec des options séparées pour les blocs orphelins (ceux sans chapeau en haut de la pile) et les blocs qui sont déplacés.","transparent-orphans/@settings-name-block":"Transparence des blocs (%)","transparent-orphans/@settings-name-orphan":"Transparence des blocs orphelins (%)","transparent-orphans/@settings-name-dragged":"Transparence des blocs déplacés (%)"}