{"animated-thumb/set-thumbnail":"Fijar Miniatura","animated-thumb/added-by":"Botón agregado por la extensión de navegador Scratch Addons","animated-thumb/@name":"Fijador de miniatura","animated-thumb/@description":"Agrega un botón a la barra de menú del editor para fijar la miniatura de tu proyecto a cualquier imagen (incluidos gifs).","animated-thumb/@info-nooverwite":"\"No fijar miniaturas automáticamente\" provoca que no se guarden miniaturas a menos que use el botón \"Fijar Miniatura\". Proyectos nuevos tendrán miniaturas del gato de Scratch a menos que usted fije una miniatura manualmente.","animated-thumb/@info-animatednfe":"Tu proyecto podría ser marcado como NFE (not for everyone, no para todos) por el Equipo de Scratch si la miniatura es animada. Los proyectos NFE no pueden aparecer en la página principal, la página \"explorar\" o los resultados de busqueda.","animated-thumb/@settings-name-persistentThumb":"No fijar miniaturas automáticamente"}