{"block-switching/event_broadcast":"enviar","block-switching/event_broadcastandwait":"enviar y esperar","block-switching/control_if":"si","block-switching/control_if_else":"si... si no","block-switching/control_repeat_until":"repetir hasta que","block-switching/control_forever":"por siempre","block-switching/control_wait_until":"esperar hasta que","block-switching/data_changevariableby":"cambiar/sumar variable","block-switching/data_setvariableto":"establecer variable","block-switching/data_showvariable":"mostrar variable","block-switching/data_hidevariable":"esconder variable","block-switching/data_showlist":"mostrar lista","block-switching/data_hidelist":"esconder lista","block-switching/data_replaceitemoflist":"reemplazar elemento","block-switching/data_insertatlist":"insertar elemento","block-switching/debugger_log":"loguear","block-switching/debugger_warn":"advertir","block-switching/looks_changeeffectby":"cambiar/sumar efecto","block-switching/looks_seteffectto":"fijar efecto","block-switching/looks_changesizeby":"cambiar/sumar tamaño","block-switching/looks_setsizeto":"fijar tamaño","block-switching/looks_costumenumbername":"número o nombre de disfraz","block-switching/looks_backdropnumbername":"número o nombre de fondo","block-switching/looks_show":"mostrar","block-switching/looks_hide":"ocultar","block-switching/looks_nextcostume":"siguiente disfraz","block-switching/looks_nextbackdrop":"siguiente fondo","block-switching/looks_say":"decir","block-switching/looks_think":"pensar","block-switching/looks_sayforsecs":"decir por segundos","block-switching/looks_thinkforsecs":"pensar por segundos","block-switching/looks_switchbackdropto":"cambiar fondo","block-switching/looks_switchbackdroptoandwait":"cambiar fondo y esperar","block-switching/motion_turnright":"girar a la derecha","block-switching/motion_turnleft":"girar a la izquierda","block-switching/motion_setx":"fijar x","block-switching/motion_changexby":"cambiar/sumar x","block-switching/motion_sety":"fijar y","block-switching/motion_changeyby":"cambiar/sumar y","block-switching/motion_xposition":"posición en x","block-switching/motion_yposition":"posición en y","block-switching/operator_mod":"módulo","block-switching/operator_and":"y","block-switching/operator_or":"o","block-switching/pen_penDown":"bajar lápiz","block-switching/pen_penUp":"subir lápiz","block-switching/pen_setPenColorParamTo":"cambiar/sumar parámetro","block-switching/pen_changePenColorParamBy":"fijar parámetro","block-switching/pen_changePenHueBy":"cambiar/sumar matiz de color","block-switching/pen_setPenHueToNumber":"fijar matiz de color","block-switching/pen_changePenShadeBy":"cambiar/sumar sombra de color","block-switching/pen_setPenShadeToNumber":"fijar sombra de color","block-switching/pen_changePenSizeBy":"cambiar/sumar tamaño","block-switching/pen_setPenSizeTo":"fijar tamaño","block-switching/sensing_mousex":"posición x del ratón","block-switching/sensing_mousey":"posición y del ratón","block-switching/sound_play":"iniciar","block-switching/sound_playuntildone":"tocar sonido hasta terminar","block-switching/sound_changeeffectby":"cambiar/sumar efecto","block-switching/sound_seteffectto":"fijar efecto","block-switching/sound_setvolumeto":"fijar volumen","block-switching/sound_changevolumeby":"cambiar/sumar volumen","block-switching/music_setTempo":"fijar temp","block-switching/music_changeTempo":"cambiar tempo","block-switching/@name":"Cambio entre bloques","block-switching/@description":"Haga click derecho en un bloque para cambiarlo por otro bloque relacionado.","block-switching/@settings-name-noop":"Permitir cambiar un bloque a sí mismo","block-switching/@settings-name-border":"Agregar borde","block-switching/@settings-name-motion":"Bloques de movimiento","block-switching/@settings-name-looks":"Bloques de apariencia","block-switching/@settings-name-sound":"Bloques de sonido","block-switching/@settings-name-event":"Bloques de eventos","block-switching/@settings-name-control":"Bloques de control","block-switching/@settings-name-operator":"Bloques de operadores","block-switching/@settings-name-sensing":"Bloques de sensores","block-switching/@settings-name-data":"Bloques de variables","block-switching/@settings-name-extension":"Bloques de extensiones","block-switching/@settings-name-sa":"Bloques de Scratch Addons","block-switching/@settings-name-customargs":"Argumentos de bloques personalizados","block-switching/@settings-name-customargsmode":"Opciones mostradas de argumentos de bloques personalizados","block-switching/@settings-select-customargsmode-defOnly":"Argumentos en bloque personalizado propio","block-switching/@settings-select-customargsmode-all":"Argumentos en todos los bloques personalizados del objeto"}