{"cloud-games/popup-title":"Scratch Addons - Juegos en la nube","cloud-games/no-users":"No hay usuarios jugando actualmente","cloud-games/loading":"Cargando... ({done}/{amount})","cloud-games/general-error":"No se pudieron cargar los proyectos del estudio.","cloud-games/server-error":"Parece que el servidor de Scratch está teniendo un problema.","cloud-games/no-projects":"No hay proyectos para mostrar.","cloud-games/change-studio":"Puede cambiar los proyectos que aparecen cambiando la URL del estudio en los {settings}.","cloud-games/addon-settings":"ajustes del addo","cloud-games/@name":"Juegos en la nube","cloud-games/@description":"Disponible al clickear el ícono de Scratch Addons. Muestra cuántos Scratchers están actualmente en juegos multijugador, y sus nombres de usuario.","cloud-games/@popup-name":"Juegos"}