{"confirm-actions/share":"Scratch Addons:\n¿Está seguro de que quiere compartir?","confirm-actions/unshare":"Scratch Addons:\n¿Está seguro de que quiere dejar de compartir?","confirm-actions/follow":"Scratch Addons:\n¿Está seguro de que quiere seguir o dejar de seguir a este usuario?","confirm-actions/joinstudio":"Scratch Addons:\n¿Está seguro de que quiere unirse a este estudio?","confirm-actions/closetopic":"Scratch Addons:\n¿Está seguro de que quiere cerrar este tópico?","confirm-actions/@name":"Confirmaciones","confirm-actions/@description":"Le pregunta si está seguro al realizar acciones en su cuenta de Scratch, por ejemplo, al compartir proyectos.","confirm-actions/@settings-name-projectsharing":"Confirmar compartir proyecto","confirm-actions/@settings-name-projectunsharing":"Confirmar dejar de compartir proyecto","confirm-actions/@settings-name-followinguser":"Confirmar seguir o dejar de seguir usuarios","confirm-actions/@settings-name-joiningstudio":"Confirmar unirse a estudios","confirm-actions/@settings-name-closingtopic":"Confirmar cerrar tópicos del foro"}