{"custom-block-shape/@name":"Forma de bloque personalizada ","custom-block-shape/@description":"Ajuste el relleno, radio de esquinas y altura de la muesca de los bloques.","custom-block-shape/@info-paddingWarning":"Si baja el valor de tamaño del relleno, cuando otros usuarios vean su proyecto, podría parecer que sus scripts se superponen.","custom-block-shape/@preset-name-default3":"Bloques 3.0","custom-block-shape/@preset-description-default3":"La apariencia regular de bloques de Scratch 3.0","custom-block-shape/@preset-name-default2":"Bloques 2.0","custom-block-shape/@preset-description-default2":"Una apariencia similar a bloques de Scratch 2.0","custom-block-shape/@preset-name-flat3":"3.0 Plano","custom-block-shape/@preset-description-flat3":"Bloques de Scratch 3.0 sin muesca ni esquinas","custom-block-shape/@preset-name-flat2":"2.0 Plano","custom-block-shape/@preset-description-flat2":"Bloques de Scratch 2.0 sin muesca ni esquinas","custom-block-shape/@settings-name-paddingSize":"Tamaño de relleno/padding (50-200%)","custom-block-shape/@settings-name-cornerSize":"Tamaño de esquinas (0-300%)","custom-block-shape/@settings-name-notchSize":"Altura de muesca (0-150%)"}