{"custom-zoom/@name":"Zoom de área de código personalizado","custom-zoom/@description":"Elija ajustes personalizados para el mínimo, máximo, velocidad y tamaño inicial del zoom en el área de código y esconda los controles automáticamente.","custom-zoom/@settings-name-maxZoom":"Zoom máximo (50-500%)","custom-zoom/@settings-name-minZoom":"Zoom mínimo (1-100%)","custom-zoom/@settings-name-startZoom":"Zoom inicial (50-500%)","custom-zoom/@settings-name-zoomSpeed":"Velocidad de zoom (50-200%)","custom-zoom/@settings-name-autohide":"Esconder controles cuando el cursor no está sobre ellos","custom-zoom/@settings-name-speed":"Animación al esconder controles","custom-zoom/@settings-select-speed-none":"Ninguna","custom-zoom/@settings-select-speed-short":"Corta","custom-zoom/@settings-select-speed-default":"Predeterminada","custom-zoom/@settings-select-speed-long":"Larga"}