{"data-category-tweaks-v2/list-category":"Listas","data-category-tweaks-v2/for-all-sprites":"Para todos los objetos:","data-category-tweaks-v2/for-this-sprite-only":"Solo para este objeto:","data-category-tweaks-v2/@name":"Retoques en categoría \"datos\"","data-category-tweaks-v2/@description":"Proporciona retoques para la categoría de bloques \"datos\" (variables).","data-category-tweaks-v2/@settings-name-separateListCategory":"Categoría Listas Separada","data-category-tweaks-v2/@settings-name-separateLocalVariables":"Separar Variables Locales","data-category-tweaks-v2/@settings-name-moveReportersDown":"Mover bloques de datos arriba de la lista de variables"}