{"debugger/debug":"Depurar","debugger/export":"Exportar","debugger/clear":"Vaciar","debugger/close":"Cerrar","debugger/enter-format":"Ingrese formato de exportación:","debugger/unpause":"Despausar","debugger/deleted-sprite":"(objeto eliminado)","debugger/clone-of":"Clon de {spriteName}","debugger/icon-warn":"Advertencia","debugger/export-desc":"Haga click mientras mantiene Shift para personalizar el formato de exportación.","debugger/block-log":"loguear","debugger/block-warn":"advertir %s","debugger/cannot-pause-player":"El bloque breakpoint solo se puede usar mientras esté en el editor.","debugger/@name":"Depurador","debugger/@description":"Agrega una nueva categoría \"depurador\" y una ventana \"logs\" al editor. Los bloques \"log\", \"warn\" y \"error\" imprimirán el mensaje especificado a la ventana de logs. El bloque \"breakpoint\" pausará el proyecto cuando se ejecute."}