{"editor-dark-mode/@name":"Modo oscuro del editor y colores personalizados","editor-dark-mode/@description":"Personaliza los colores usados por el editor de proyectos. Múltiples opciones por diferentes autores disponibles. Si no quiere un modo oscuro pero quiere cambiar los colores predeterminados, elija el preset \"colores predeterminados de Scratch\" y luego cambie los ajustes.","editor-dark-mode/@preset-description-3darker":"Un modo oscuro basado en un userscript creado por infinitytec","editor-dark-mode/@preset-description-3dark":"Un modo oscuro azulado basado en un userscript creado por infinitytec","editor-dark-mode/@preset-description-darkEditor":"Un modo oscuro basado en un userstyle creado por _nix","editor-dark-mode/@preset-description-experimentalDark":"Un modo oscuro basado en un userstyle creado por Maximouse. No es experimental","editor-dark-mode/@preset-description-tw-dark":"Un tema oscuro basado en el modo oscuro de TurboWarp.","editor-dark-mode/@preset-description-scratch2":"Un tema basado en los colores de Scratch 2.0.","editor-dark-mode/@preset-description-scratch1":"Un tema basado en los colores de Scratch 1.x.","editor-dark-mode/@preset-name-scratch":"Colores predeterminados de Scratch","editor-dark-mode/@preset-description-scratch":"Los colores usados normalmente por Scratch","editor-dark-mode/@settings-name-page":"Fondo de página","editor-dark-mode/@settings-name-primary":"Color de destacado","editor-dark-mode/@settings-name-highlightText":"Color de destacado de texto e íconos","editor-dark-mode/@settings-name-menuBar":"Fondo de barra menú","editor-dark-mode/@settings-name-activeTab":"Fondo de pestaña activa","editor-dark-mode/@settings-name-tab":"Fondo de pestaña inactiva","editor-dark-mode/@settings-name-selector":"Fondo de panel de objetos","editor-dark-mode/@settings-name-selector2":"Fondo de lista de disfraces/sonidos","editor-dark-mode/@settings-name-selectorSelection":"Fondo de objeto/disfraz/sonido seleccionado","editor-dark-mode/@settings-name-accent":"Fondo acentuado","editor-dark-mode/@settings-name-input":"Fondo de entradas","editor-dark-mode/@settings-name-workspace":"Fondo de área de código","editor-dark-mode/@settings-name-categoryMenu":"Fondo de menú de categorías de bloques","editor-dark-mode/@settings-name-palette":"Fondo de paleta de bloques","editor-dark-mode/@settings-name-fullscreen":"Fondo en pantalla completa","editor-dark-mode/@settings-name-stageHeader":"Fondo del encabezado en pantalla completa","editor-dark-mode/@settings-name-border":"Color del borde","editor-dark-mode/@settings-name-dots":"Mostrar puntos del workspace","editor-dark-mode/@settings-name-textShadow":"Sombras en el texto de los bloques","editor-dark-mode/@settings-name-affectPaper":"Cambiar el fondo del editor de disfraces y los bordes de selección","editor-dark-mode/@settings-name-affectStage":"Cambiar los colores de variables, listas, globos de dialogo y cajas de respuestas en el escenario.","editor-dark-mode/@settings-name-darkComments":"Comentarios oscuros","editor-dark-mode/@settings-name-darkScrollbars":"Barras de desplazamiento oscuras"}