{"editor-extra-keys/@name":"Soporte de teclas extras","editor-extra-keys/@description":"Agrega más teclas al menú de los bloques \"¿tecla () presionada?\" y \"al presionar tecla ()\", como enter, punto, coma y más.","editor-extra-keys/@info-experimentalKeysWarn":"Las \"teclas experimentales\" incluyen signo igual, barra, punto y coma y más. Pueden no funcionar en todos los sistemas operativos o diseños de teclado.","editor-extra-keys/@info-shiftKeysWarn":"Las \"teclas Shift\" incluyen teclas que típicamente requieren la tecla Shift y una tecla de número, como hashtag, símbolo de exclamación y más. Estas teclas solo funcionan con el bloque \"al presionar  tecla ()\" y no funcionan en todos los sistemas operativos o diseños de teclado.","editor-extra-keys/@settings-name-experimentalKeys":"Activar teclas experimentales","editor-extra-keys/@settings-name-shiftKeys":"Activar teclas Shift"}