{"forum-search/loading":"Cargando...","forum-search/error":"Error cargando de ScratchDB","forum-search/none":"Tu búsqueda no tuvo resultados","forum-search/username":"Nombre de usuario:","forum-search/posts-here":"Publicaciónes del usuario aqu","forum-search/posts-sitewide":"Publicaciones del usuario en todo el sitio","forum-search/first-checked":"Revisado por primera vez:","forum-search/last-checked":"Revisado por última vez:","forum-search/last-edited-by":"Editado por última vez por {username} {datetime}","forum-search/placeholder":"Buscar publicaciones en todos los foros","forum-search/search-topic":"Buscar publicaciones en \"{topic}\"","forum-search/search-cat":"Buscar publicaciones en \"{cat}\"","forum-search/relevance":"importancia","forum-search/newest":"más nuevos","forum-search/oldest":"más viejos","forum-search/@name":"Búsqueda en los foros","forum-search/@description":"Agrega una barra de búsqueda de publicaciones a los foros. Usa ScratchDB para obtener información."}