{"forum-toolbar/link":"Enlace a:","forum-toolbar/prompt-wp":"Título en Wikipedia:","forum-toolbar/wiki":"Scratch Wik","forum-toolbar/prompt-wiki":"Título en Scratch Wiki:","forum-toolbar/google":"Búsqueda de Google","forum-toolbar/prompt-google":"Palabra de búsqueda:","forum-toolbar/dictionary":"Dictionary.co","forum-toolbar/prompt-dictionary":"Palabra:","forum-toolbar/center":"Centrar","forum-toolbar/code":"Código","forum-toolbar/prompt-code":"Lenguaje (para highlighting):","forum-toolbar/@name":"Más botones en barra de herramientas del foro","forum-toolbar/@description":"Agrega botones a la barra de herramientas de edición de los foros para insertar etiquetas BBCode, como [center] o [color].","forum-toolbar/@settings-name-google":"Búsqueda de Google","forum-toolbar/@settings-name-center":"Centrar","forum-toolbar/@settings-name-code":"Código"}