{"fullscreen/@name":"Pantalla completa mejorada","fullscreen/@description":"Arregla algunos efectos no deseados del modo de pantalla completa del reproductor de proyectos, abre el reproductor en modo de pantalla completa de su navegador y esconde la barra de herramientas de bandera verde.","fullscreen/@info-hideToolbarNotice":"Si elige esconder la barra de herramientas, recuerde que puede usar la tecla Esc para salir del modo de pantalla completa.","fullscreen/@settings-name-browserFullscreen":"Abrir reproductor de proyectos en modo pantalla completa del navegador","fullscreen/@settings-name-hideToolbar":"Esconder barra de herramientas en pantalla completa"}