{"gamepad/settings":"Ajustes del Mando","gamepad/key-space":"Espacio","gamepad/key-up":"Arriba","gamepad/key-down":"Abaj","gamepad/key-left":"Izquierda","gamepad/key-right":"Derecha","gamepad/key-none":"(ninguno)","gamepad/axis-none":"Ninguno","gamepad/axis-arrows":"Flechas del Teclado","gamepad/axis-custom":"Personalizado","gamepad/no-controllers":"No se detectó ningún mando. Intente conectar uno y presionar cualquier botón de él.","gamepad/button-n":"Botón {n}","gamepad/axes-a-b":"Ejes {a} y {b}","gamepad/keyinput-title":"Haga click y presione una tecla para cambiar el botón. Esc para cancelar. Retroceso o Suprimir para borrar.","gamepad/browser-support":"Este navegador y sistema operativo tienen bugs conocidos que pueden causar que este addon sea difícil de usar. Pruebe otro navegador si encuentra problemas.","gamepad/config-header":"Este comentario contiene configuración de soporte de mando de videojuegos para herramientas de terceros o páginas web como https://turbowarp.org/\nNo editar a mano","gamepad/store-in-project":"Guardar estos ajustes en el proyecto para reemplazar la configuración por defecto (herramienta experimental para creadores de proyectos)","gamepad/@name":"Soporte de mando de videojuegos","gamepad/@description":"Interactúe con proyectos usando un control/mando de videojuegos mediante USB o Bluetooth.","gamepad/@settings-name-hide":"Esconder botón de ajustes cuando no hay mandos conectados"}