{"infinite-scroll/page-num":"Página {page}","infinite-scroll/@name":"Scroll infinito","infinite-scroll/@description":"Le permite desplazarse para abajo en diferentes partes del sitio sin tener que clickear \"cargar más\".","infinite-scroll/@settings-name-forumScroll":"Foros","infinite-scroll/@settings-name-profileCommentScroll":"Comentarios en perfiles","infinite-scroll/@settings-name-projectScroll":"Comentarios en proyectos","infinite-scroll/@settings-name-studioScroll":"Comentarios en estudios","infinite-scroll/@settings-name-studioProjectScroll":"Proyectos en Estudios","infinite-scroll/@settings-name-studioBrowseProjectScroll":"Menú Agregar a Estudio","infinite-scroll/@settings-name-studioCuratorScroll":"Curadores de Estudio","infinite-scroll/@settings-name-studioActivityScroll":"Actividad de Estudio","infinite-scroll/@settings-name-messageScroll":"Mensajes","infinite-scroll/@settings-name-showFooter":"Arreglar footer"}