{"mediarecorder/record":"Empezar Grabación","mediarecorder/stop":"Detener Grabación","mediarecorder/option-title":"Opciones de grabación","mediarecorder/record-duration":"Duración (en segundos)","mediarecorder/start-delay":"Demora para empezar (en segundos)","mediarecorder/starting-in":"Empezando en {secs}...","mediarecorder/record-audio":"Incluir sonidos del proyecto","mediarecorder/record-mic":"Incluir sonidos del micrófono","mediarecorder/record-audio-description":"Esto no incluye Text-to-Speech.","mediarecorder/record-after-flag":"No empezar grabación hasta que haga click en la Bandera Verde","mediarecorder/record-until-stop":"Parar grabación luego de que el proyecto se detenga","mediarecorder/record-description":"Graba el escenario como un archivo WebM. Puede guardarlo en su computadora luego de que termina la grabación.","mediarecorder/start":"Empezar","mediarecorder/cancel":"Cancelar","mediarecorder/added-by":"Botón agregado por la extensión de navegador Scratch Addons","mediarecorder/click-flag":"Esperando...","mediarecorder/click-flag-description":"Haga click en la bandera verde para empezar a grabar. Haga click en este botón para parar.","mediarecorder/record-until-stop-disabled":"Debes activar \"{afterFlagOption}\" para usar esta opción.","mediarecorder/@name":"Grabador de video de proyectos","mediarecorder/@description":"Agrega un botón \"empezar grabación\" al menú del editor que le permite grabar el escenario del proyecto."}