{"old-studio-layout/@name":"Diseño antiguo en estudios","old-studio-layout/@description":"Revierte el diseño de la página de estudios a la usada antes de la actualización de estudios o al previamente disponible como parte del addon Scratch 2.0 → 3.0.","old-studio-layout/@info-mobile":"Este addon no funciona bien en dispositivos móviles ni en ventanas pequeñas.","old-studio-layout/@info-itemsPerRow":"El tamaño de la mayoría de los elementos no son cambiados. Si quiere ver más proyectos y curadores a la vez, use el addon \"más elementos por fila\".","old-studio-layout/@settings-name-version":"Versión","old-studio-layout/@settings-select-version-default":"Predeterminada"}