{"onion-skinning/toggle":"Activar/desactivar capa sobre capa","onion-skinning/settings":"Ajustes de Capa Sobre Capa","onion-skinning/previous":"Disfraces anteriores","onion-skinning/next":"Disfraces siguientes","onion-skinning/opacity":"Opacidad (%)","onion-skinning/opacityStep":"Salto de opacidad (%)","onion-skinning/mode":"Modo","onion-skinning/merge":"Combinar","onion-skinning/tint":"Teñir","onion-skinning/layering":"Método de superposición","onion-skinning/front":"Frente","onion-skinning/behind":"Detrás","onion-skinning/@name":"Capa sobre capa (onion skinning)","onion-skinning/@description":"Muestra capas transparentes de los disfraces anteriores o siguientes mientras edite un disfraz. Controlado con los botones debajo del editor de disfraces, al lado de los botones de zoom.","onion-skinning/@settings-name-default":"Activar por defecto","onion-skinning/@settings-name-previous":"Valor predeterminado de disfraces anteriores","onion-skinning/@settings-name-next":"Valor predeterminado de disfraces siguientes","onion-skinning/@settings-name-opacity":"Opacidad (%)","onion-skinning/@settings-name-opacityStep":"Salto de Opacidad (%)","onion-skinning/@settings-name-layering":"Método de superposición por defecto","onion-skinning/@settings-select-layering-front":"Frente","onion-skinning/@settings-select-layering-behind":"Detrás","onion-skinning/@settings-name-mode":"Modo por defecto","onion-skinning/@settings-select-mode-merge":"Combinar imagenes","onion-skinning/@settings-select-mode-tint":"Teñir color","onion-skinning/@settings-name-beforeTint":"Teñir color de disfraz anterior","onion-skinning/@settings-name-afterTint":"Teñir color de disfraz siguiente"}