{"scratch-notifier/notif-own-project":"{actor} comentó en su proyecto \"{title}\"","scratch-notifier/notif-project-reply":"{actor} te respondió en el proyecto \"{title}\"","scratch-notifier/notif-own-project-reply":"{actor} le respondió a {commentee} en el proyecto \"{title}\"","scratch-notifier/notif-profile":"{actor} comentó en tu perfil","scratch-notifier/notif-own-profile-reply":"{actor} le respondió en tu perfil","scratch-notifier/notif-own-profile-reply-other":"{actor} le respondió a {commentee} en tu perfil","scratch-notifier/notif-profile-reply":"{actor} le respondió en el perfil de {title}","scratch-notifier/notif-studio-reply":"{actor} le respondió en el estudio \"{title}\"","scratch-notifier/notif-comment":"Nuevo comentario de Scratch","scratch-notifier/notif-forum":"Hay nuevas publicaciones en el hilo del foro \"{title}\"","scratch-notifier/notif-love":"{actor} amó su proyecto \"{title}\"","scratch-notifier/notif-fav":"{actor} marcó como favorito su proyecto \"{title}\"","scratch-notifier/notif-follow":"{actor} ahora te está siguiendo","scratch-notifier/notif-invite":"{actor} lo invitó a curar el estudio \"{title}\"","scratch-notifier/notif-remix":"{actor} reinventó tu proyecto \"{parent_title}\" como \"{title}\"","scratch-notifier/notif-studio":"Hubo nueva actividad en el estudio \"{title}\" hoy","scratch-notifier/notif-generic":"Nuevo mensaje de Scratch","scratch-notifier/open":"Abrir página de mensajes","scratch-notifier/clear":"Marcar todos como leídos","scratch-notifier/notif-promotion":"{actor} lo promovió a manager en el estudio \"{title}\"","scratch-notifier/notif-host":"{actor} le hizo host del estudio \"{title}\"","scratch-notifier/st":"Un miembro del Equipo de Scratch","scratch-notifier/@description":"Le manda notificaciones cuando reciba nuevos mensajes. Clickee la notificación para ir directamente al mensaje (comentario, proyecto, etc.)","scratch-notifier/@settings-name-mark_as_read_when_clicked":"Marcar todos los mensajes como leídos luego de clickear la notificació","scratch-notifier/@settings-name-notification_sound":"Sonido de notificación","scratch-notifier/@settings-select-notification_sound-silent":"Silenciado","scratch-notifier/@settings-select-notification_sound-system-default":"Predeterminado","scratch-notifier/@settings-select-notification_sound-addons-ping":"\"Ping\" de Scratch Addons","scratch-notifier/@settings-name-commentsforme_notifications":"{commentIcon} Notificar comentarios en mi perfil y respuestas","scratch-notifier/@settings-name-commentsonmyprojects_notifications":"{commentIcon} Notificar comentarios en mis proyectos","scratch-notifier/@settings-name-forumpost_notifications":"{forumIcon} Notificar actividad en el foro","scratch-notifier/@settings-name-loveproject_notifications":"{heartIcon} Notificar likes","scratch-notifier/@settings-name-favoriteproject_notifications":"{starIcon} Notificar favoritos","scratch-notifier/@settings-name-followuser_notifications":"{followIcon} Notificar nuevos seguidores","scratch-notifier/@settings-name-curatorinvite_notifications":"{studioAddIcon} Notificar invitaciones a estudios","scratch-notifier/@settings-name-studioactivity_notifications":"{studioIcon} Notificar actividad en estudios","scratch-notifier/@settings-name-remixproject_notifications":"{remixIcon} Notificar reinvenciones","scratch-notifier/@settings-name-becomeownerstudio_notifications":"{adminusersIcon} Notificar promociones en estudios","scratch-notifier/@settings-name-becomehoststudio_notifications":"{usersIcon} Notificar transferencias de host en estudios"}