{"turbowarp-player/confirmation":"¿Está seguro de que quiere ver dentro? El reproductor TurboWarp será quitado.","turbowarp-player/@name":"Botón TurboWarp","turbowarp-player/@description":"Agrega un botón a las páginas de proyecto para reproducir el proyecto en TurboWarp.org, al lado del botón Reinventar.","turbowarp-player/@info-addonsWontWork":"El modo \"reemplazar reproductor\" cambia el reproductor de Scratch por un embed de TurboWarp, el cual no soporta ver dentro de proyectos.","turbowarp-player/@info-cloudData":"TurboWarp tiene servidores de variables en la nube separados. El modo \"reemplazar reproductor\" enviará su nombre de usuario de Scratch a TurboWarp.org para su uso en variables en la nube.","turbowarp-player/@settings-name-action":"Comportamiento del botón","turbowarp-player/@settings-select-action-link":"Abrir en nueva pestaña","turbowarp-player/@settings-select-action-player":"Reemplazar reproductor","turbowarp-player/@settings-name-addons":"Activar addons"}