{
  "debugger/console": "Logs",
  "debugger/debug": "Debug",
  "debugger/export": "Export",
  "debugger/clear": "Clear",
  "debugger/close": "Close",
  "debugger/enter-format": "Enter export format:",
  "debugger/unpause": "Unpause",
  "debugger/deleted-sprite": "(deleted sprite)",
  "debugger/clone-of": "Clone of {spriteName}",
  "debugger/icon-warn": "Warning",
  "debugger/icon-error": "Error",
  "debugger/export-desc": "Click while holding Shift to customize export format.",
  "debugger/block-breakpoint": "breakpoint",
  "debugger/block-log": "log %s",
  "debugger/block-warn": "warn %s",
  "debugger/block-error": "error %s",
  "debugger/cannot-pause-player": "Breakpoint block can only be used while on the editor."
}
