{"animated-thumb/set-thumbnail":"Seleziona Icona","animated-thumb/added-by":"Pulsante aggiunto dall'estensione Scratch Addons","animated-thumb/@name":"Scegli immagine del progetto","animated-thumb/@description":"Aggiunge un pulsante alla barra dei menu dell'editor con il quale è possibile caricare un'immagine qualsiasi come icona del progetto (GIF incluse).","animated-thumb/@info-nooverwite":"\"Non impostare le icone automaticamente\" fa in modo che le icone dei progetti non vengano salvate finché non usi il pulsante Scegli icona del Progetto. I nuovi progetti avranno come icona il gatto di Scratch finché non verrà impostata manualmente un'icona .","animated-thumb/@info-animatednfe":"Il tuo progetto potrebbe essere stato contrassegnato come NFE (Not For Everyone, non per tutti) dallo Scratch Team se l'icona è animata. I progetti NFE non vengono mostrati nella Home, nella pagina Esplora e nella pagina dei risultati del sito di Scratch","animated-thumb/@settings-name-persistentThumb":"Non impostare le icone automaticamente"}