{"better-img-uploads/upload":"Caricamento HD","better-img-uploads/@name":"Caricamento di immagini HD","better-img-uploads/@description":"Aggiunge un pulsante sopra il pulsante \"carica costume\" che converte automaticamente le immagini bitmap in immagini SVG (vettoriali) durante il caricamento per evitare di perdere qualità.","better-img-uploads/@info-notSuitableEdit":"Evita di usare il pulsante \"carica HD\" se vuoi modificare l'immagine dopo averla caricata.","better-img-uploads/@settings-name-fitting":"Ridimensionamento immagine","better-img-uploads/@settings-select-fitting-full":"Dimensione originale","better-img-uploads/@settings-select-fitting-fill":"Estendi per riempire lo stage","better-img-uploads/@settings-select-fitting-fit":"Riduci per entrare tutta nello stage"}