{"blocks2image/export_selected_to_SVG":"Esporta gli script come SVG","blocks2image/export_all_to_SVG":"Esporta tutto come SVG","blocks2image/export_selected_to_PNG":"Esporta gli script come PNG","blocks2image/export_all_to_PNG":"Esporta tutto come PNG","blocks2image/error_blocks_not_added":"Aggiungi i blocchi al tuo workspace!","blocks2image/@name":"Salva i blocchi come immagine","blocks2image/@description":"Clicca con il tasto destro l'area degli script per esportare i blocchi come immagini SVG/PNG."}