{"block-switching/event_broadcast":"Invia a tutti","block-switching/event_broadcastandwait":"Invia a tutti e attendi","block-switching/control_if":"se allora","block-switching/control_if_else":"se allora... altrimenti","block-switching/control_repeat_until":"ripeti fino a quando","block-switching/control_forever":"per sempre","block-switching/control_wait_until":"attendi fino a quando","block-switching/data_changevariableby":"cambia variabile di","block-switching/data_setvariableto":"porta variabile a","block-switching/data_showvariable":"mostra la variabile","block-switching/data_hidevariable":"nascondi la variabile","block-switching/data_showlist":"mostra la lista","block-switching/data_hidelist":"nascondi la lista","block-switching/data_replaceitemoflist":"sostituisci elemento","block-switching/data_insertatlist":"inserisci elemento alla posizione di","block-switching/debugger_error":"errore","block-switching/debugger_warn":"avviso","block-switching/looks_changeeffectby":"cambia effetto di","block-switching/looks_seteffectto":"porta effetto a","block-switching/looks_changesizeby":"cambia dimensione di","block-switching/looks_setsizeto":"porta dimensione a","block-switching/looks_costumenumbername":"numero o nome costume","block-switching/looks_backdropnumbername":"numero o nome sfondo","block-switching/looks_show":"mostra","block-switching/looks_hide":"nascondi","block-switching/looks_nextcostume":"passa al costume seguente","block-switching/looks_nextbackdrop":"passa allo sfondo seguente","block-switching/looks_say":"dire","block-switching/looks_think":"pensa","block-switching/looks_sayforsecs":"dire per secondi","block-switching/looks_thinkforsecs":"pensa per secondi","block-switching/looks_switchbackdropto":"passa allo sfondo","block-switching/looks_switchbackdroptoandwait":"passa allo sfondo e attendi","block-switching/motion_turnright":"ruota a destra","block-switching/motion_turnleft":"ruota a sinistra","block-switching/motion_setx":"vai dove x è","block-switching/motion_changexby":"cambia x di","block-switching/motion_sety":"vai dove x è","block-switching/motion_changeyby":"cambia y di","block-switching/motion_xposition":"posizione x","block-switching/motion_yposition":"posizione y","block-switching/operator_mod":"resto della divisione","block-switching/operator_and":"e","block-switching/operator_or":"o","block-switching/pen_penDown":"penna giù","block-switching/pen_penUp":"penna su","block-switching/pen_setPenColorParamTo":"porta parametro a","block-switching/pen_changePenColorParamBy":"cambia parametro di","block-switching/pen_changePenHueBy":"cambia colore di","block-switching/pen_setPenHueToNumber":"porta colore a","block-switching/pen_changePenShadeBy":"cambia ombreggiatura di","block-switching/pen_setPenShadeToNumber":"porta ombreggiatura a","block-switching/pen_changePenSizeBy":"cambia dimensione di","block-switching/pen_setPenSizeTo":"porta dimensione a","block-switching/sensing_mousex":"x del mouse","block-switching/sensing_mousey":"y del mouse","block-switching/sound_play":"avvia","block-switching/sound_playuntildone":"riproduci suono e attendi la fine","block-switching/sound_changeeffectby":"cambia effetto di","block-switching/sound_seteffectto":"porta effetto a","block-switching/sound_setvolumeto":"porta volume a","block-switching/sound_changevolumeby":"cambia volume di","block-switching/music_setTempo":"imposta tempo a bpm","block-switching/music_changeTempo":"cambia tempo di","block-switching/@name":"Sostituzione blocchi","block-switching/@description":"Fai clic con il pulsante destro su un blocco per sostituirlo con un blocco correlato.","block-switching/@settings-name-noop":"Visualizza l'opzione per scambiare un blocco con se stesso","block-switching/@settings-name-border":"Aggiungi contorno","block-switching/@settings-name-motion":"Blocchi Movimento","block-switching/@settings-name-looks":"Blocchi Aspetto","block-switching/@settings-name-sound":"Blocchi Suono","block-switching/@settings-name-event":"Blocchi Situazioni","block-switching/@settings-name-control":"Blocchi Controllo","block-switching/@settings-name-operator":"Blocchi Operatori","block-switching/@settings-name-sensing":"Blocchi Sensori","block-switching/@settings-name-data":"Blocchi Variabili","block-switching/@settings-name-extension":"Blocchi Estensioni","block-switching/@settings-name-sa":"Blocchi di Scratch Addon","block-switching/@settings-name-customargs":"Argomenti dei blocchi personalizzati","block-switching/@settings-name-customargsmode":"Mostra le opzioni degli argomenti dei blocchi personalizzati","block-switching/@settings-select-customargsmode-defOnly":"Argomenti nei propri blocchi personalizzati","block-switching/@settings-select-customargsmode-all":"Argomenti di tutti i blocchi personalizzati dello sprite"}