{"block-cherry-picking/@name":"Afferra i singoli blocchi con il tasto CTRL","block-cherry-picking/@description":"Aggiunge la possibilità di trascinare un singolo blocco dall'interno di uno script (invece di tutta la sequenza attacca al di sotto) se si preme contemporaneamente il tasto CTRL.","block-cherry-picking/@info-macContextDisabled":"In macOS usa il tasto Cmd invece del tasto Ctrl.","block-cherry-picking/@info-flipControls":"Se \"inverti i controlli\" è abilitato, il comportamento standard sarà trascinare singoli i blocchi. Tenendo premuto CTRL verrà invece trascinata tutta la sequenza","block-cherry-picking/@settings-name-invertDrag":"Inverti i controlli"}