{"cloud-games/popup-title":"Scratch Addons - Multiplayer in corso","cloud-games/no-users":"Nessuno sta giocando","cloud-games/loading":"Caricamento in corso... ({done}/{amount})","cloud-games/general-error":"Impossibile caricare i progetti della galleria.","cloud-games/server-error":"Sembra che il server di Scratch abbia dei problemi.","cloud-games/no-projects":"Non ci sono progetti da mostrare.","cloud-games/change-studio":"Puoi cambiare i progetti inserendo l'URL dello studio nelle {settings}.","cloud-games/addon-settings":"impostazioni dell'addon","cloud-games/@name":"Multiplayer in corso","cloud-games/@description":"Disponibile cliccando sulla scheda di Scratch Addons. Mostra quanti Scratcher stanno giocando in questo momento in giochi multiplayer e i loro username.","cloud-games/@popup-name":"Multiplayer in corso"}