{"confirm-actions/share":"Scratch Addons:\nSei sicuro di voler condividere questo progetto?","confirm-actions/unshare":"Scratch Addons:\nSei sicuro di voler interrompere la condivisione di questo progetto?","confirm-actions/follow":"Scratch Addons:\nSei sicuro di voler seguire/non seguire più questo utente?","confirm-actions/joinstudio":"Sei sicuro di volerti iscrivere a questa galleria?","confirm-actions/closetopic":"Scratch Addon:\nSei sicuro di voler chiudere questo argomento?","confirm-actions/@name":"Conferma azioni","confirm-actions/@description":"Chiede se sei sicuro quando esegui delle azioni nel tuo account di Scratch, ad esempio quando condividi dei progetti.","confirm-actions/@settings-name-projectsharing":"Conferma condivisione progetti","confirm-actions/@settings-name-projectunsharing":"Conferma l'interruzione della condivisione","confirm-actions/@settings-name-followinguser":"Conferma per seguire/non seguire utenti","confirm-actions/@settings-name-joiningstudio":"Conferma iscrizione a gallerie","confirm-actions/@settings-name-closingtopic":"Conferma chiusura argomenti forum"}