{"custom-block-shape/@name":"Forma dei blocchi personalizzata","custom-block-shape/@description":"Modifica lo spazio interno, l'ampiezza degli angoli e l'altezza degli agganci dei blocchi di Scratch.","custom-block-shape/@info-paddingWarning":"La diminuzione dello spazio interno è visibile soltanto a te, quindi se i tuoi progetti vengono visualizzati da altri utenti i tuoi script potrebbero essere sovrapposti.","custom-block-shape/@preset-name-default3":"Blocchi 3.0","custom-block-shape/@preset-description-default3":"L'aspetto standard dei blocchi di Scratch 3.0","custom-block-shape/@preset-name-default2":"Blocchi 2.0","custom-block-shape/@preset-description-default2":"Un aspetto simile ai blocchi di Scratch 2.0","custom-block-shape/@preset-name-flat3":"3.0 piatti","custom-block-shape/@preset-description-flat3":"Blocchi Scratch 3.0 senza agganci e angoli","custom-block-shape/@preset-name-flat2":"2.0 piatti","custom-block-shape/@preset-description-flat2":"I blocchi di Scratch 2.0 senza agganci e senza angoli","custom-block-shape/@settings-name-paddingSize":"Spaziatura interna (50-200%)","custom-block-shape/@settings-name-cornerSize":"Dimensione angoli (0-300%)","custom-block-shape/@settings-name-notchSize":"Altezza agganci (0-150%)"}