{"custom-zoom/@name":"Zoom personalizzato dell'area degli script","custom-zoom/@description":"Personalizza il minimo e il massimo zoom, la velocità e la dimensione di avvio dello zoom nell'area degli script e nasconde i controlli automaticamente.","custom-zoom/@settings-name-maxZoom":"Zoom Massimo (50-500%)","custom-zoom/@settings-name-minZoom":"Zoom Minimo (1-100%)","custom-zoom/@settings-name-startZoom":"Zoom Iniziale (50-500%)","custom-zoom/@settings-name-zoomSpeed":"Velocità Zoom (50-200%)","custom-zoom/@settings-name-autohide":"Nascondi Controlli Zoom Automaticamente","custom-zoom/@settings-name-speed":"Durata dell'animazione della scomparsa automatica","custom-zoom/@settings-select-speed-none":"Nessuna","custom-zoom/@settings-select-speed-short":"Breve","custom-zoom/@settings-select-speed-default":"Predefinita","custom-zoom/@settings-select-speed-long":"Lunga"}