{"data-category-tweaks-v2/list-category":"Liste","data-category-tweaks-v2/for-all-sprites":"Per tutti gli sprite:","data-category-tweaks-v2/for-this-sprite-only":"Solo per questo sprite:","data-category-tweaks-v2/@name":"Modifiche per la categoria Variabili","data-category-tweaks-v2/@description":"Modifica nell'editor la categoria \"Variabili\".","data-category-tweaks-v2/@settings-name-separateListCategory":"Categoria Liste separata","data-category-tweaks-v2/@settings-name-separateLocalVariables":"Separa Variabili Solo per lo Sprite","data-category-tweaks-v2/@settings-name-moveReportersDown":"Muovi blocchi dati sopra alla lista delle variabili"}