{"debugger/console":"Log","debugger/export":"Esporta","debugger/clear":"Cancella","debugger/close":"Chiudi","debugger/enter-format":"Inserisci il formato di esportazione:","debugger/unpause":"Riavvia","debugger/deleted-sprite":"(sprite cancellato)","debugger/clone-of":"Clone di {spriteName}","debugger/icon-warn":"Avviso","debugger/icon-error":"Errore","debugger/export-desc":"Per personalizzare il formato di esportazione clicca tenendo premuto Shift.","debugger/block-warn":"avviso %s","debugger/block-error":"errore %s","debugger/cannot-pause-player":"Il blocco breakpoint può essere usato solo nell'editor.","debugger/@description":"Aggiunge all'editor una nuova categoria di blocchi \"debugger\" e una finestra \"log\". I blocchi \"log\", \"warn\" e \"error\" inseriranno nella finestra log il messaggio specificato. Il blocco \"breakpoint\" interromperà l'esecuzione del progetto quando viene eseguito."}