{"editor-searchable-dropdowns/createGlobalVariable":"Crea la variabile \"{name}\" per tutti gli sprite.","editor-searchable-dropdowns/createLocalVariable":"Crea la variabile \"{name}\" solo per questo sprite","editor-searchable-dropdowns/createGlobalList":"Crea la lista \"{name}\" per tutti gli sprite","editor-searchable-dropdowns/createLocalList":"Crea la lista \"{name}\" solo per questo sprite","editor-searchable-dropdowns/createBroadcast":"Crea il messaggio \"{name}\"","editor-searchable-dropdowns/@name":"Ricerca nei Menu drop-down","editor-searchable-dropdowns/@description":"TI permette di cercare nel menu contestuale dei blocchi"}