{"editor-devtools/help-title":"Strumenti per Sviluppatori di Scratch 3","editor-devtools/help-by":"di {url} e dagli svlluppatori e traduttori degli Scratch Addons","editor-devtools/ctrl-space":"Ctrl + Spazio, Pulsante Centrale o Shift + Click","editor-devtools/ctrl-space-desc":"Fa comparire una casella di testo fluttuante dove puoi digitare il nome di un blocco (o parte di esso) e trascinare il blocco nel codice per usarlo in quel punto.","editor-devtools/code-tab-features":"Funzioni Scheda Codice","editor-devtools/interactive-find-bar":"Barra di Ricerca Interattiva (Ctrl + F)","editor-devtools/interactive-find-bar-desc":"Trova e passa rapidamente a qualunque Blocco Personalizzato, Variabile, Evento o Cappello definito in uno sprite cliccando la nuova barra di ricerca che trovi a destra delle schede Codice, Costumi e Suoni. Usa le frecce su e giù per scorrere le opzioni e le frecce destra e sinistra per spostarti da un'istanza all'altra del blocco.","editor-devtools/improved-tidy-up":"Funzione migliorata di Riordino degli Script ","editor-devtools/improved-tidy-up-desc":"Clicca con il tasto destro nell'area degli script per far comparire il menu e l'opzione Riordina i Blocchi sarà stata rimpiazzata dall'opzione Riordina i blocchi (+). Puoi usarla per riordinare gli script preservando le colonne in cui li hai disposti ma anche per provare ad allineare i commenti e per rimuovere le variabili inutilizzate, ecc.","editor-devtools/help-new":"★Nuovo★","editor-devtools/help-make-space":"Fai Spazio","editor-devtools/help-make-space-desc":"Crea spazio maggiore attorno ad uno script cliccandolo con il tasto destro e selezionando \"Fai Spazio\"","editor-devtools/copy-to-clipboard":"Copia negli Appunti","editor-devtools/copy-to-clipboard-desc":"Il clic destro su un blocco rende disponibili 3 nuove opzioni Copia Tutti, Copia un Blocco e Taglia un Blocco. Copia Tutti copierà negli appunti il blocco e tutti i blocchi sotto di esso. Copia Blocco copierà solo il blocco corrente e i blocchi in esso contenuti. Taglia Blocco invece lo copierà e lo rimuoverà al contempo dall'area degli script.","editor-devtools/paste-from-clipboard":"Incolla dagli Appunti","editor-devtools/paste-from-clipboard-desc":"Incolla dagli appunti nel punto in cui si trova il cursore del mouse in modo che tu possa posizionare i blocchi in quel punto (invece di posizionarli nel punto da cui li hai copiati, come accade normalmente in Scratch).","editor-devtools/swap-variable":"Sostituisci Variabile nello Sprite","editor-devtools/swap-variable-desc":"Clic destro su una variabile nei tuoi script. Ti permette di sostituire tutti i riferimenti a questa variabile nello sprite attuale con un'altra variabile. Questo è utile per quando fai un errore e vuoi passare da una variabile a un'altra o se hai bisogno di passare da 'Per tutti gli sprite' a 'Solo per questo sprite' o viceversa. La variabile vecchia non verrà rimossa.","editor-devtools/middleclick":"Vai a","editor-devtools/middleclick-desc":"L'uso del pulsante centrale del mouse o di Shift+Click su una variabile o su un blocco personalizzato permette di passare alla sua definizione o di aprirlo nella barra di ricerca interattiva.","editor-devtools/ctrl-lr":"Ctrl + Destra, Ctrl + Sinistro","editor-devtools/ctrl-lr-desc":"Naviga alla posizione visitata precedentemente/successivamente nell'area degli script (dopo aver usato la funzione naviga al blocco o la barra di ricerca). Questo ti permette di fare clic centralmente su un blocco personalizzato per andare alla sua definizione e di tornare poi dove eri prima premendo Ctrl + Sinistra.","editor-devtools/costume-tab-features":"Funzioni nella Scheda dei Costumi","editor-devtools/find-bar":"Barra di Ricerca","editor-devtools/find-bar-costume-desc":"Clicca per vedere l'elenco di tutti i costumi ordinato per nome, e inserisci il nome per trovarne uno. Usa le frecce o il mouse per cliccare un nome e andare direttamente a quel costume.","editor-devtools/ctrl-lr-costume-desc":"Usa questi tasti per navigare al costume precedente/seguente nello sprite.","editor-devtools/youtube":"Tutorial YouTube","editor-devtools/orphaned":"{count, plural, one {Strumenti per sviluppatori: Rimuovere 1 blocco monitor non collegato agli script?} other {Strumenti per sviluppatori: Rimuovere # blocchi monitor non collegati agli script?} }","editor-devtools/unused-var":"{count, plural, one {Strumenti per sviluppatori: Rimuovere 1 variabile locale inutilizzata? Eccola qui:\n} other {Strumenti per sviluppatori: Rimuovere # variabili locali inutilizzate? Eccole qui:\n} }","editor-devtools/unused-list":"{count, plural, one {Strumenti per sviluppatori: Rimuovere 1 lista locale inutilizzata? Eccola qui:\n} other {Strumenti per sviluppatori: Rimuovere # liste locali inutilizzate? Eccole qui:\n} }","editor-devtools/var-not-exist":"Questa variabile non esiste...","editor-devtools/find":"Trova","editor-devtools/find-placeholder":"Trova (Ctrl + F)","editor-devtools/deep":"Profondo","editor-devtools/help":"Aiuto","editor-devtools/tutorials":"Tutorial","editor-devtools/replace":"Strumenti per sviluppatori: Scambia tutti le occorrenze della variabile {name} in questo sprite con la variabile:","editor-devtools/top":"porta in prima posizione","editor-devtools/bottom":"sposta in ultima posizione","editor-devtools/clean-plus":"Riordina i Blocchi (+)","editor-devtools/paste":"Incolla","editor-devtools/copy-all":"Copia Tutti","editor-devtools/copy-block":"Copia il Blocco","editor-devtools/cut-block":"Taglia il Blocco","editor-devtools/make-space":"Fai Spazio","editor-devtools/swap":"Scambia {var} nello Sprite","editor-devtools/lists":"liste","editor-devtools/variables":"variabili","editor-devtools/insert":"Inserisci","editor-devtools/start-typing":"Inizia a Scrivere...","editor-devtools/extension-description-not-for-addon":"Strumenti di sviluppo per Scratch 3 per migliorare la tua esperienza di programmazione su https://scratch.mit.edu","editor-devtools/@name":"Strumenti per sviluppatori","editor-devtools/@description":"Aggiunge una casella di ricerca e nuove opzioni nei menu dell'editor: copia/incolla dei blocchi, riordino degli script migliorato, salto alla definizione di un blocco personalizzato e molto altro!","editor-devtools/@info-shortcuts":"Premi \"Ctrl+F\" per spostarti sulla casella di ricerca, \"Ctrl+Space\" per far comparire il menu \"aggiungi blocco per nome\", \"Ctrl+Left/Right\" per navigare la cronologia delle ricerche.","editor-devtools/@settings-name-enableCleanUpPlus":"Migliora \"Riordina i Blocchi\"","editor-devtools/@settings-name-enablePasteBlocksAtMouse":"Incolla i blocchi dove si trova il puntatore del mouse.","editor-devtools/@settings-name-enableMiddleClickFinder":"Clicca nel centro i blocchi delle variabili, i blocchi personalizzati o gli eventi per cercarne altre occorrenze"}