{"editor-dark-mode/@name":"Editor tema scuro e colori personalizzabili","editor-dark-mode/@description":"Personalizza i colori usati dall'editor di progetti. Disponibili diversi temi scuri di autori diversi. Se non ti interessa il tema scuro ma vuoi personalizzare i colori predefiniti puoi selezionare \"Colori predefiniti di Scratch\" e modificarlo. ","editor-dark-mode/@preset-name-3darker":"3.Più scuro","editor-dark-mode/@preset-description-3darker":"Un tema scuro basato su uno userscript di infinitytec","editor-dark-mode/@preset-name-3dark":"3.Scuro","editor-dark-mode/@preset-description-3dark":"Un tema blu scuro basato su uno userscript di infinitytec","editor-dark-mode/@preset-name-darkEditor":"Editor Scuro","editor-dark-mode/@preset-description-darkEditor":"Un tema scuro basato su uno userstyle di _nix","editor-dark-mode/@preset-name-experimentalDark":"Scuro \"Sperimentale\"","editor-dark-mode/@preset-description-experimentalDark":"Un tema scuro di Maximouse basato su uno userstyle. Non sperimentale","editor-dark-mode/@preset-name-tw-dark":"TurboWarp Scuro","editor-dark-mode/@preset-description-tw-dark":"Un tema scuro basato sul tema scuro di TurboWarp.","editor-dark-mode/@preset-description-scratch2":"Un tema basato sui colori di Scratch 2.0.","editor-dark-mode/@preset-description-scratch1":"Un tema basato sui colori di Scratch 1.x.","editor-dark-mode/@preset-name-scratch":"Colori predefiniti di Scratch","editor-dark-mode/@preset-description-scratch":"I colori usati normalmente da Scratch","editor-dark-mode/@settings-name-page":"Sfondo della pagina","editor-dark-mode/@settings-name-primary":"Colore di evidenziazione","editor-dark-mode/@settings-name-highlightText":"Colore di evidenziazione di testo e icone","editor-dark-mode/@settings-name-menuBar":"Sfondo della barra dei menu","editor-dark-mode/@settings-name-activeTab":"Sfondo della scheda attiva","editor-dark-mode/@settings-name-tab":"Sfondo delle schede inattive","editor-dark-mode/@settings-name-selector":"Sfondo della lista degli sprite","editor-dark-mode/@settings-name-selector2":"Sfondo della lista dei costumi/suoni","editor-dark-mode/@settings-name-selectorSelection":"Sfondo degli sprite/costumi/suoni selezionari","editor-dark-mode/@settings-name-accent":"Colore per mettere in risalto","editor-dark-mode/@settings-name-input":"Sfondo degli argomenti","editor-dark-mode/@settings-name-workspace":"Sfondo dell'area degli script","editor-dark-mode/@settings-name-categoryMenu":"Sfondo dell'elenco delle categorie dei blocchi","editor-dark-mode/@settings-name-palette":"Sfondo della lista dei blocchi","editor-dark-mode/@settings-name-fullscreen":"Sfondo della modalità presentazione","editor-dark-mode/@settings-name-stageHeader":"Sfondo dell'intestazione nella modalità presentazione","editor-dark-mode/@settings-name-border":"Colore del bordo","editor-dark-mode/@settings-name-dots":"Usa sfondo a puntini nell'area degli script","editor-dark-mode/@settings-name-textShadow":"Ombreggiatura del testo dei blocchi","editor-dark-mode/@settings-name-affectPaper":"TI permette di modificare lo sfondo dell'editor di immagini e il bordo degli oggetti selezionati","editor-dark-mode/@settings-name-affectStage":"Modifica il colore delle variabili, delle liste, dei fumetti e del blocco chiedi sullo Stage","editor-dark-mode/@settings-name-darkComments":"Commenti scuri","editor-dark-mode/@settings-name-darkScrollbars":"Barre di scorrimento scure"}