{"editor-theme3/@name":"Colori blocchi personalizzabili","editor-theme3/@description":"Modifica i colori dei blocchi per ogni categoria nell'editor.","editor-theme3/@preset-name-tweaks":"Variazioni 3.0","editor-theme3/@preset-description-tweaks":"Situazioni, Controllo e Blocchi personalizzati con colori ispirati a 2.0","editor-theme3/@preset-name-original":"Colori 2.0","editor-theme3/@preset-description-original":"I colori originali di Scratch 2.0","editor-theme3/@preset-name-dark":"Scuro","editor-theme3/@preset-description-dark":"Versione scura dei colori predefiniti","editor-theme3/@preset-name-black":"Nero","editor-theme3/@preset-description-black":"Rende nero lo sfondo dei blocchi","editor-theme3/@settings-name-motion-color":"movimento","editor-theme3/@settings-name-looks-color":"aspetto","editor-theme3/@settings-name-sounds-color":"suoni","editor-theme3/@settings-name-events-color":"situazioni","editor-theme3/@settings-name-control-color":"controllo","editor-theme3/@settings-name-sensing-color":"sensori","editor-theme3/@settings-name-operators-color":"operatori","editor-theme3/@settings-name-data-color":"variabili","editor-theme3/@settings-name-data-lists-color":"liste","editor-theme3/@settings-name-custom-color":"personalizzati","editor-theme3/@settings-name-Pen-color":"estensioni","editor-theme3/@settings-name-sa-color":"Blocchi di Scratch Addon","editor-theme3/@settings-name-input-color":"Argomenti dei blocchi","editor-theme3/@settings-name-text":"Colore del testo","editor-theme3/@settings-select-text-white":"Bianco","editor-theme3/@settings-select-text-black":"Nero","editor-theme3/@settings-select-text-colorOnWhite":"Colorato su sfondo bianco","editor-theme3/@settings-select-text-colorOnBlack":"Colorato su sfondo nero"}