{"editor-extra-keys/enter-key":"invio","editor-extra-keys/@name":"Supporto per tasti extra","editor-extra-keys/@description":"Aggiunge ulteriori tasti ai menu dei blocchi \"tasto () premuto\" e \"quando si preme il tasto ()\",  ad esempio invio, punto, virgola e altri ancora.","editor-extra-keys/@info-experimentalKeysWarn":"I \"tasti sperimentali\" includono i segni uguale, slash, punto e virgola e altri. Potrebbero non funzionare per tutti i sistemi operativi e per tutte le configurazioni della tastiera.","editor-extra-keys/@info-shiftKeysWarn":"I \"Tasti shift\" includono tasti che solitamente richiedono la pressione del tasto shift e di un tasto numerico, ad esempio il punto esclamativo, il dollaro, e altri. Questi tasti funzionando soltanto con il blocco \"quando si preme il tasto ()\" e non funzionano per tutti i sistemi operativi e tutte le configurazioni della tastiera.","editor-extra-keys/@settings-name-experimentalKeys":"Abilita tasti sperimentali","editor-extra-keys/@settings-name-shiftKeys":"Abilita tasti Shift"}