{"folders/open-folder":"Aperto","folders/closed-folder":"Cartella","folders/create-folder":"crea cartella","folders/add-to-folder":"inserisci nella cartella: {folder}","folders/rename-folder":"rinomina cartella","folders/remove-folder":"rimuovi cartella","folders/remove-from-folder":"rimuovi dalla cartella","folders/rename-folder-prompt":"Rinomina cartella come:","folders/name-prompt":"Nome della cartella:","folders/name-not-allowed":"Nome cartella non valido","folders/confirm-backpack-folder":"Salvare l'intera cartella nella valigetta?","folders/@name":"Cartelle degli sprite","folders/@description":"Permette di organizzare in cartelle le liste degli sprite, dei costumi e dei suoni. Per creare una cartella clicca con il tasto destro su qualunque sprite, costume o suono e seleziona \"crea cartella\". Clicca una cartella per aprirla o chiuderla. Clicca con il tasto destro uno sprite, un costume o un suono per selezionare la cartella in cui spostarlo, oppure trascinalo in una cartella aperta.","folders/@info-notice-folders-are-public":"Gli utenti che abilitano questo addon vedranno le cartelle nel loro progetto. Tutti gli altri vedranno le liste degli sprite, dei costumi e dei suoni normalmente (senza cartelle)","folders/@info-notice-sprite-names":"Questo addon funziona aggiungendo \"[NomeDellaCartella]// all'inizio del nome dei tuoi sprite, costumi o suoni."}