{"forum-search/loading":"Caricamento...","forum-search/error":"C'è stato un'errore durante il caricamento da ScratchDB!","forum-search/none":"Nessun risultato","forum-search/posts-here":"Post di questo Utente in questo Topic ","forum-search/posts-sitewide":"Post di questo Utente in Tutto il Sito","forum-search/first-checked":"Data Primo Inserimento:","forum-search/last-checked":"Data Ultimo Inserimento:","forum-search/last-edited-by":"Ultima modifica di {username} ({datetime})","forum-search/placeholder":"Cerca post in tutto il Forum di Scratch","forum-search/search-topic":"Cerca post in \"{topic}\"","forum-search/search-cat":"Cerca post in \"{cat}\"","forum-search/relevance":"rilevanza","forum-search/newest":"più recenti","forum-search/oldest":"più vecchi","forum-search/@name":"Cerca nei forum","forum-search/@description":"Aggiunge una barra di ricerca per post dei forum. Utilizza le informazioni di ScratchDB."}