{"forum-toolbar/link":"Link a:","forum-toolbar/prompt-wp":"Titolo in Wikipedia:","forum-toolbar/prompt-wiki":"Titolo in Scratch Wiki:","forum-toolbar/prompt-google":"Parole chiave da ricercare:","forum-toolbar/prompt-dictionary":"Parola:","forum-toolbar/center":"Centro","forum-toolbar/code":"Codice","forum-toolbar/prompt-code":"Lingua (per l'evidenza):","forum-toolbar/color":"Colore","forum-toolbar/prompt-color":"Colore:","forum-toolbar/@name":"Più pulsanti nella barra degli strumenti del forum","forum-toolbar/@description":"Aggiunge pulsanti nella barra degli strumenti del forum per inserire i tag BBCode, come [centra] o [colore].","forum-toolbar/@settings-name-color":"Colore","forum-toolbar/@settings-name-center":"Centra","forum-toolbar/@settings-name-code":"Codice"}