{"fullscreen/@name":"Schermo intero migliorato","fullscreen/@description":"Corregge alcuni effetti indesiderati della modalità fullscreen, apre il progetto nella modalità fullscreen del tuo browser e nasconde la barra che contiene la bandiera verde.","fullscreen/@info-hideToolbarNotice":"Se decidi di nascondere la barra ricorda che puoi usare il tasto Esc per uscire dalla modalità fullscreen.","fullscreen/@settings-name-browserFullscreen":"Apre il fullscreen del player nella modalità fullscreen del browser.","fullscreen/@settings-name-hideToolbar":"Nascondi la barra in modalità fullscreen"}