{"full-signature/load-more":"Mostra i successivi","full-signature/@name":"Mostra aree complete","full-signature/@description":"Mostra il contenuto completo delle aree con altezza limitata, come ad esempio la firma dell'utente nei forum e la sezione Cosa sto facendo dei profili, rendendole ridimensionabili e scrollabili.","full-signature/@settings-name-whatworkingon":"Usa scorrimento per \"Cos'ho fatto finora\"","full-signature/@settings-name-whathappen":"Usa scorrimento per \"Cosa sta succedendo?\"","full-signature/@settings-name-signature":"Usa scorrimento per firme nei forum","full-signature/@settings-name-blocks":"Mostra scorrimento per i blocchi Scratch nei forum"}