{"gamepad/settings":"Impostazioni Gamepad","gamepad/key-space":"Spazio","gamepad/key-up":"Su","gamepad/key-down":"Giù","gamepad/key-left":"Sinistra","gamepad/key-right":"Destra","gamepad/key-enter":"Invio","gamepad/key-none":"(nessuno)","gamepad/axis-none":"Nessuno","gamepad/axis-arrows":"Tasti Freccia","gamepad/axis-cursor":"Cursore","gamepad/axis-custom":"Personalizzato","gamepad/no-controllers":"Nessun controller rilevato. Prova a collegarne uno e a premere un pulsante del controller.","gamepad/button-n":"Pulsante {n}","gamepad/axes-a-b":"Assi {a} & {b}","gamepad/keyinput-title":"Clicca e premi un tasto o clicca per cambiare pulsante. Escape per annullare. Backspace o cancella per ripulire.","gamepad/browser-support":"Questo browser e sistema operativo hanno bug noti che possono rendere questo addon difficile da usare. Prova un diverso browser se riscontri dei problemi.","gamepad/config-header":"Questo commento contiene impostazioni di configurazione per il supporto di gamepad support in tool di terze parti o in siti come https://turbowarp.org/\nNon modificare a mano","gamepad/store-in-project":"Memorizza queste impostazioni nel progetto per evitare le configurazioni predefinite (Tool sperimentale per i creatori di progetti)","gamepad/@name":"Supporto Gamepad","gamepad/@description":"Interagisci con i progetti usando un controller/gamepad USB o bluetooth.","gamepad/@settings-name-hide":"Nascondi pulsante impostazioni quando non è rilevato nessun controller"}