{"hide-flyout/@name":"Nascondi pannello blocchi automaticamente","hide-flyout/@description":"Nasconde il pannello dei blocchi se non è a contatto con il mouse. Clicca il lucchetto per bloccarlo temporaneamente. In alternativa, usa la modalità \"Clic categoria\".","hide-flyout/@info-hoverExplanation":"La modalità \"Movimento del mouse sull'area dei blocchi\" estende soltanto l'area degli script. Se vuoi poter trascinarvi i blocchi in questa aria senza che vengano cancellati, usa una delle altre modalità.","hide-flyout/@settings-name-toggle":"Nascondi quando...","hide-flyout/@settings-select-toggle-hover":"Movimento del mouse sull'area dei blocchi","hide-flyout/@settings-select-toggle-cathover":"Movimento del mouse sull'area delle categorie","hide-flyout/@settings-select-toggle-category":"Clic categoria","hide-flyout/@settings-name-speed":"Durata animazione","hide-flyout/@settings-select-speed-none":"Nessuna","hide-flyout/@settings-select-speed-short":"Corta","hide-flyout/@settings-select-speed-default":"Predefinita","hide-flyout/@settings-select-speed-long":"Lunga"}