{"hide-project-stats/@name":"Nascondi statistiche dei progetti","hide-project-stats/@description":"Ti permette di nascondere il numero di mi piace, di favoriti, di remix e il contatore delle visualizzazioni nella home page e nelle pagine dei progetti.","hide-project-stats/@settings-name-loves":"Nascondi il contatore dei mi piace","hide-project-stats/@settings-name-favorites":"Nascondi il contatore dei favoriti","hide-project-stats/@settings-name-remixes":"Nascondi il contatore dei remix","hide-project-stats/@settings-name-views":"Nascondi il contatore delle visualzzazioni","hide-project-stats/@settings-name-lovesFront":"Nasconde il contatore dei mi piace in \"Cosa piace alla comunità\"","hide-project-stats/@settings-name-remixesFront":"Nasconde il contatore dei remix in \"Che Cosa sta Remixando la Comunità\""}