{"infinite-scroll/page-num":"Pagina {page}","infinite-scroll/@name":"Scorrimento infinito","infinite-scroll/@description":"Permette di scorrere in diverse pagine del sito senza dover cliccare su \"Mostra i successivi\".","infinite-scroll/@settings-name-forumScroll":"Forum","infinite-scroll/@settings-name-profileCommentScroll":"Commenti Profilo","infinite-scroll/@settings-name-projectScroll":"Commenti Progetto","infinite-scroll/@settings-name-studioScroll":"Commenti Gallerie","infinite-scroll/@settings-name-studioProjectScroll":"Progetti della Galleria","infinite-scroll/@settings-name-studioBrowseProjectScroll":"Aggiungi al Menu delle Gallerie","infinite-scroll/@settings-name-studioCuratorScroll":"Curatori della Galleria","infinite-scroll/@settings-name-studioActivityScroll":"Attività della Galleria","infinite-scroll/@settings-name-messageScroll":"Messaggi","infinite-scroll/@settings-name-showFooter":"Piè di pagina fisso"}