{"items-per-row/@name":"Più elementi per riga","items-per-row/@description":"Ti permette di modificare il numero di elementi mostrati in una singola riga di una griglia di progetti o di utenti.","items-per-row/@settings-name-search":"Espora e cerca","items-per-row/@settings-name-studioProjects":"Progetti nelle gallerie","items-per-row/@settings-name-studioCurators":"Curatori nelle gallerie","items-per-row/@settings-name-projects":"Progetti remixati, progetti condivisi e favoriti dall'utente","items-per-row/@settings-name-studios":"Gallerie di progetti, gallerie curate e seguite dall'utente","items-per-row/@settings-name-users":"Chi segue e chi viene seguito dall'utente"}