{"live-featured-project/change-featured":"Cambia il tuo progetto in primo piano","live-featured-project/@name":"Progetto in primo piano live","live-featured-project/@description":"Visualizza interattivamente il progetto in primo piano selezionandolo dal profilo dell'utente. Basato sull'implementazione di Mega Scratch Userscript.","live-featured-project/@settings-name-showMenu":"Visualizza menu del progetto (barra superiore)","live-featured-project/@settings-name-alternativePlayer":"Player alternativo","live-featured-project/@settings-select-alternativePlayer-none":"Nessuno","live-featured-project/@settings-name-autoPlay":"Auto-Play dei progetti (nei player alternativi)","live-featured-project/@settings-name-forceAlternative":"Forza l'utilizzo di un player alternativo","live-featured-project/@settings-name-enableTWAddons":"Abilita gli addon di TurboWarp"}